,Country Name,variable,value
0,Albania,1961,27400
1,Andorra,1961,470
2,Armenia,1961,28470
3,Australia,1961,7682300
4,Austria,1961,82580
5,Azerbaijan,1961,83217
6,Belgium,1961,32820
7,Bulgaria,1961,110630
8,Bosnia and Herzegovina,1961,51200
9,Belarus,1961,202840
10,Bolivia,1961,1083300
11,Switzerland,1961,39528
12,Cyprus,1961,9240
13,Czech Republic,1961,77270
14,Germany,1961,349130
15,Denmark,1961,42370
16,Spain,1961,499780
17,Estonia,1961,42390
18,France,1961,547566
19,United Kingdom,1961,241930
20,Georgia,1961,69490
21,Greece,1961,128900
22,Croatia,1961,55910
23,Hungary,1961,90040
24,Ireland,1961,68890
25,Iceland,1961,100250
26,Israel,1961,21640
27,Italy,1961,294110
28,Lithuania,1961,62680
29,Luxembourg,1961,
30,Latvia,1961,62196
31,Morocco,1961,446340
32,Monaco,1961,2.027
33,Moldova,1961,32870
34,North Macedonia,1961,25430
35,Malta,1961,320
36,Montenegro,1961,13450
37,Netherlands,1961,33760
38,Norway,1961,365244
39,Poland,1961,306290
40,Portugal,1961,91500
41,Romania,1961,230340
42,Russia,1961,16389950
43,San Marino,1961,60
44,Serbia,1961,87460
45,Slovakia,1961,48100
46,Slovenia,1961,20140
47,Sweden,1961,410340
48,Turkey,1961,769630
49,Ukraine,1961,579350
50,Albania,1962,27400
51,Andorra,1962,470
52,Armenia,1962,28470
53,Australia,1962,7682300
54,Austria,1962,82580
55,Azerbaijan,1962,83217
56,Belgium,1962,32820
57,Bulgaria,1962,110630
58,Bosnia and Herzegovina,1962,51200
59,Belarus,1962,202840
60,Bolivia,1962,1083300
61,Switzerland,1962,39528
62,Cyprus,1962,9240
63,Czech Republic,1962,77270
64,Germany,1962,349130
65,Denmark,1962,42370
66,Spain,1962,499780
67,Estonia,1962,42390
68,France,1962,547566
69,United Kingdom,1962,241930
70,Georgia,1962,69490
71,Greece,1962,128900
72,Croatia,1962,55910
73,Hungary,1962,90020
74,Ireland,1962,68890
75,Iceland,1962,100250
76,Israel,1962,21640
77,Italy,1962,294110
78,Lithuania,1962,62680
79,Luxembourg,1962,
80,Latvia,1962,62196
81,Morocco,1962,446340
82,Monaco,1962,2.027
83,Moldova,1962,32870
84,North Macedonia,1962,25430
85,Malta,1962,320
86,Montenegro,1962,13450
87,Netherlands,1962,33760
88,Norway,1962,365244
89,Poland,1962,306290
90,Portugal,1962,91500
91,Romania,1962,230340
92,Russia,1962,16389950
93,San Marino,1962,60
94,Serbia,1962,87460
95,Slovakia,1962,48100
96,Slovenia,1962,20140
97,Sweden,1962,410340
98,Turkey,1962,769630
99,Ukraine,1962,579350
100,Albania,1963,27400
101,Andorra,1963,470
102,Armenia,1963,28470
103,Australia,1963,7682300
104,Austria,1963,82580
105,Azerbaijan,1963,83217
106,Belgium,1963,32820
107,Bulgaria,1963,110630
108,Bosnia and Herzegovina,1963,51200
109,Belarus,1963,202840
110,Bolivia,1963,1083300
111,Switzerland,1963,39528
112,Cyprus,1963,9240
113,Czech Republic,1963,77270
114,Germany,1963,349130
115,Denmark,1963,42370
116,Spain,1963,499780
117,Estonia,1963,42390
118,France,1963,547566
119,United Kingdom,1963,241930
120,Georgia,1963,69490
121,Greece,1963,128900
122,Croatia,1963,55910
123,Hungary,1963,90030
124,Ireland,1963,68890
125,Iceland,1963,100250
126,Israel,1963,21640
127,Italy,1963,294110
128,Lithuania,1963,62680
129,Luxembourg,1963,
130,Latvia,1963,62196
131,Morocco,1963,446340
132,Monaco,1963,2.027
133,Moldova,1963,32870
134,North Macedonia,1963,25430
135,Malta,1963,320
136,Montenegro,1963,13450
137,Netherlands,1963,33760
138,Norway,1963,365244
139,Poland,1963,306290
140,Portugal,1963,91500
141,Romania,1963,230340
142,Russia,1963,16389950
143,San Marino,1963,60
144,Serbia,1963,87460
145,Slovakia,1963,48100
146,Slovenia,1963,20140
147,Sweden,1963,410340
148,Turkey,1963,769630
149,Ukraine,1963,579350
150,Albania,1964,27400
151,Andorra,1964,470
152,Armenia,1964,28470
153,Australia,1964,7682300
154,Austria,1964,82580
155,Azerbaijan,1964,83217
156,Belgium,1964,32820
157,Bulgaria,1964,110630
158,Bosnia and Herzegovina,1964,51200
159,Belarus,1964,202840
160,Bolivia,1964,1083300
161,Switzerland,1964,39528
162,Cyprus,1964,9240
163,Czech Republic,1964,77270
164,Germany,1964,349130
165,Denmark,1964,42370
166,Spain,1964,499780
167,Estonia,1964,42390
168,France,1964,547566
169,United Kingdom,1964,241930
170,Georgia,1964,69490
171,Greece,1964,128900
172,Croatia,1964,55910
173,Hungary,1964,90030
174,Ireland,1964,68890
175,Iceland,1964,100250
176,Israel,1964,21640
177,Italy,1964,294110
178,Lithuania,1964,62680
179,Luxembourg,1964,
180,Latvia,1964,62196
181,Morocco,1964,446340
182,Monaco,1964,2.027
183,Moldova,1964,32870
184,North Macedonia,1964,25430
185,Malta,1964,320
186,Montenegro,1964,13450
187,Netherlands,1964,33760
188,Norway,1964,365244
189,Poland,1964,306290
190,Portugal,1964,91500
191,Romania,1964,230340
192,Russia,1964,16389950
193,San Marino,1964,60
194,Serbia,1964,87460
195,Slovakia,1964,48100
196,Slovenia,1964,20140
197,Sweden,1964,410340
198,Turkey,1964,769630
199,Ukraine,1964,579350
200,Albania,1965,27400
201,Andorra,1965,470
202,Armenia,1965,28470
203,Australia,1965,7682300
204,Austria,1965,82580
205,Azerbaijan,1965,83217
206,Belgium,1965,32820
207,Bulgaria,1965,110630
208,Bosnia and Herzegovina,1965,51200
209,Belarus,1965,202840
210,Bolivia,1965,1083300
211,Switzerland,1965,39528
212,Cyprus,1965,9240
213,Czech Republic,1965,77270
214,Germany,1965,349130
215,Denmark,1965,42370
216,Spain,1965,499780
217,Estonia,1965,42390
218,France,1965,547566
219,United Kingdom,1965,241930
220,Georgia,1965,69490
221,Greece,1965,128900
222,Croatia,1965,55910
223,Hungary,1965,90020
224,Ireland,1965,68890
225,Iceland,1965,100250
226,Israel,1965,21640
227,Italy,1965,294110
228,Lithuania,1965,62680
229,Luxembourg,1965,
230,Latvia,1965,62196
231,Morocco,1965,446340
232,Monaco,1965,2.027
233,Moldova,1965,32870
234,North Macedonia,1965,25430
235,Malta,1965,320
236,Montenegro,1965,13450
237,Netherlands,1965,33760
238,Norway,1965,365244
239,Poland,1965,306290
240,Portugal,1965,91500
241,Romania,1965,230340
242,Russia,1965,16389950
243,San Marino,1965,60
244,Serbia,1965,87460
245,Slovakia,1965,48100
246,Slovenia,1965,20140
247,Sweden,1965,410340
248,Turkey,1965,769630
249,Ukraine,1965,579350
250,Albania,1966,27400
251,Andorra,1966,470
252,Armenia,1966,28470
253,Australia,1966,7682300
254,Austria,1966,82580
255,Azerbaijan,1966,83217
256,Belgium,1966,32820
257,Bulgaria,1966,110630
258,Bosnia and Herzegovina,1966,51200
259,Belarus,1966,202840
260,Bolivia,1966,1083300
261,Switzerland,1966,39528
262,Cyprus,1966,9240
263,Czech Republic,1966,77270
264,Germany,1966,349130
265,Denmark,1966,42370
266,Spain,1966,499780
267,Estonia,1966,42390
268,France,1966,547566
269,United Kingdom,1966,241930
270,Georgia,1966,69490
271,Greece,1966,128900
272,Croatia,1966,55910
273,Hungary,1966,90010
274,Ireland,1966,68890
275,Iceland,1966,100250
276,Israel,1966,21640
277,Italy,1966,294110
278,Lithuania,1966,62680
279,Luxembourg,1966,
280,Latvia,1966,62196
281,Morocco,1966,446340
282,Monaco,1966,2.027
283,Moldova,1966,32870
284,North Macedonia,1966,25430
285,Malta,1966,320
286,Montenegro,1966,13450
287,Netherlands,1966,33760
288,Norway,1966,365244
289,Poland,1966,306290
290,Portugal,1966,91500
291,Romania,1966,230340
292,Russia,1966,16389950
293,San Marino,1966,60
294,Serbia,1966,87460
295,Slovakia,1966,48100
296,Slovenia,1966,20140
297,Sweden,1966,410340
298,Turkey,1966,769630
299,Ukraine,1966,579350
300,Albania,1967,27400
301,Andorra,1967,470
302,Armenia,1967,28470
303,Australia,1967,7682300
304,Austria,1967,82580
305,Azerbaijan,1967,83217
306,Belgium,1967,32820
307,Bulgaria,1967,110630
308,Bosnia and Herzegovina,1967,51200
309,Belarus,1967,202840
310,Bolivia,1967,1083300
311,Switzerland,1967,39528
312,Cyprus,1967,9240
313,Czech Republic,1967,77270
314,Germany,1967,349130
315,Denmark,1967,42370
316,Spain,1967,499780
317,Estonia,1967,42390
318,France,1967,547566
319,United Kingdom,1967,241930
320,Georgia,1967,69490
321,Greece,1967,128900
322,Croatia,1967,55910
323,Hungary,1967,90000
324,Ireland,1967,68890
325,Iceland,1967,100250
326,Israel,1967,21640
327,Italy,1967,294110
328,Lithuania,1967,62680
329,Luxembourg,1967,
330,Latvia,1967,62196
331,Morocco,1967,446340
332,Monaco,1967,2.027
333,Moldova,1967,32870
334,North Macedonia,1967,25430
335,Malta,1967,320
336,Montenegro,1967,13450
337,Netherlands,1967,33760
338,Norway,1967,365244
339,Poland,1967,306290
340,Portugal,1967,91500
341,Romania,1967,230340
342,Russia,1967,16389950
343,San Marino,1967,60
344,Serbia,1967,87460
345,Slovakia,1967,48100
346,Slovenia,1967,20140
347,Sweden,1967,410340
348,Turkey,1967,769630
349,Ukraine,1967,579350
350,Albania,1968,27400
351,Andorra,1968,470
352,Armenia,1968,28470
353,Australia,1968,7682300
354,Austria,1968,82580
355,Azerbaijan,1968,83217
356,Belgium,1968,32820
357,Bulgaria,1968,110630
358,Bosnia and Herzegovina,1968,51200
359,Belarus,1968,202840
360,Bolivia,1968,1083300
361,Switzerland,1968,39528
362,Cyprus,1968,9240
363,Czech Republic,1968,77270
364,Germany,1968,349130
365,Denmark,1968,42370
366,Spain,1968,499780
367,Estonia,1968,42390
368,France,1968,547566
369,United Kingdom,1968,241930
370,Georgia,1968,69490
371,Greece,1968,128900
372,Croatia,1968,55910
373,Hungary,1968,89990
374,Ireland,1968,68890
375,Iceland,1968,100250
376,Israel,1968,21640
377,Italy,1968,294110
378,Lithuania,1968,62680
379,Luxembourg,1968,
380,Latvia,1968,62196
381,Morocco,1968,446340
382,Monaco,1968,2.027
383,Moldova,1968,32870
384,North Macedonia,1968,25430
385,Malta,1968,320
386,Montenegro,1968,13450
387,Netherlands,1968,33760
388,Norway,1968,365244
389,Poland,1968,306290
390,Portugal,1968,91500
391,Romania,1968,230340
392,Russia,1968,16389950
393,San Marino,1968,60
394,Serbia,1968,87460
395,Slovakia,1968,48100
396,Slovenia,1968,20140
397,Sweden,1968,410340
398,Turkey,1968,769630
399,Ukraine,1968,579350
400,Albania,1969,27400
401,Andorra,1969,470
402,Armenia,1969,28470
403,Australia,1969,7682300
404,Austria,1969,82580
405,Azerbaijan,1969,83217
406,Belgium,1969,32820
407,Bulgaria,1969,110630
408,Bosnia and Herzegovina,1969,51200
409,Belarus,1969,202840
410,Bolivia,1969,1083300
411,Switzerland,1969,39528
412,Cyprus,1969,9240
413,Czech Republic,1969,77270
414,Germany,1969,349130
415,Denmark,1969,42370
416,Spain,1969,499780
417,Estonia,1969,42390
418,France,1969,547566
419,United Kingdom,1969,241930
420,Georgia,1969,69490
421,Greece,1969,128900
422,Croatia,1969,55910
423,Hungary,1969,89990
424,Ireland,1969,68890
425,Iceland,1969,100250
426,Israel,1969,21640
427,Italy,1969,294110
428,Lithuania,1969,62680
429,Luxembourg,1969,
430,Latvia,1969,62196
431,Morocco,1969,446340
432,Monaco,1969,2.027
433,Moldova,1969,32870
434,North Macedonia,1969,25430
435,Malta,1969,320
436,Montenegro,1969,13450
437,Netherlands,1969,33760
438,Norway,1969,365244
439,Poland,1969,306290
440,Portugal,1969,91500
441,Romania,1969,230340
442,Russia,1969,16389950
443,San Marino,1969,60
444,Serbia,1969,87460
445,Slovakia,1969,48100
446,Slovenia,1969,20140
447,Sweden,1969,410340
448,Turkey,1969,769630
449,Ukraine,1969,579350
450,Albania,1970,27400
451,Andorra,1970,470
452,Armenia,1970,28470
453,Australia,1970,7682300
454,Austria,1970,82580
455,Azerbaijan,1970,83217
456,Belgium,1970,32820
457,Bulgaria,1970,110630
458,Bosnia and Herzegovina,1970,51200
459,Belarus,1970,202840
460,Bolivia,1970,1083300
461,Switzerland,1970,39528
462,Cyprus,1970,9240
463,Czech Republic,1970,77270
464,Germany,1970,349130
465,Denmark,1970,42370
466,Spain,1970,499780
467,Estonia,1970,42390
468,France,1970,547566
469,United Kingdom,1970,241930
470,Georgia,1970,69490
471,Greece,1970,128900
472,Croatia,1970,55910
473,Hungary,1970,89980
474,Ireland,1970,68890
475,Iceland,1970,100250
476,Israel,1970,21640
477,Italy,1970,294110
478,Lithuania,1970,62680
479,Luxembourg,1970,
480,Latvia,1970,62196
481,Morocco,1970,446340
482,Monaco,1970,2.027
483,Moldova,1970,32870
484,North Macedonia,1970,25430
485,Malta,1970,320
486,Montenegro,1970,13450
487,Netherlands,1970,33760
488,Norway,1970,365244
489,Poland,1970,306290
490,Portugal,1970,91500
491,Romania,1970,230340
492,Russia,1970,16389950
493,San Marino,1970,60
494,Serbia,1970,87460
495,Slovakia,1970,48100
496,Slovenia,1970,20140
497,Sweden,1970,410340
498,Turkey,1970,769630
499,Ukraine,1970,579350
500,Albania,1971,27400
501,Andorra,1971,470
502,Armenia,1971,28470
503,Australia,1971,7682300
504,Austria,1971,82580
505,Azerbaijan,1971,83217
506,Belgium,1971,32820
507,Bulgaria,1971,110630
508,Bosnia and Herzegovina,1971,51200
509,Belarus,1971,202840
510,Bolivia,1971,1083300
511,Switzerland,1971,39528
512,Cyprus,1971,9240
513,Czech Republic,1971,77270
514,Germany,1971,349130
515,Denmark,1971,42370
516,Spain,1971,499780
517,Estonia,1971,42390
518,France,1971,547566
519,United Kingdom,1971,241930
520,Georgia,1971,69490
521,Greece,1971,128900
522,Croatia,1971,55910
523,Hungary,1971,89970
524,Ireland,1971,68890
525,Iceland,1971,100250
526,Israel,1971,21640
527,Italy,1971,294110
528,Lithuania,1971,62680
529,Luxembourg,1971,
530,Latvia,1971,62196
531,Morocco,1971,446340
532,Monaco,1971,2.027
533,Moldova,1971,32870
534,North Macedonia,1971,25430
535,Malta,1971,320
536,Montenegro,1971,13450
537,Netherlands,1971,33760
538,Norway,1971,365244
539,Poland,1971,306290
540,Portugal,1971,91500
541,Romania,1971,230340
542,Russia,1971,16389950
543,San Marino,1971,60
544,Serbia,1971,87460
545,Slovakia,1971,48100
546,Slovenia,1971,20140
547,Sweden,1971,410340
548,Turkey,1971,769630
549,Ukraine,1971,579350
550,Albania,1972,27400
551,Andorra,1972,470
552,Armenia,1972,28470
553,Australia,1972,7682300
554,Austria,1972,82580
555,Azerbaijan,1972,83217
556,Belgium,1972,32820
557,Bulgaria,1972,110630
558,Bosnia and Herzegovina,1972,51200
559,Belarus,1972,202840
560,Bolivia,1972,1083300
561,Switzerland,1972,39528
562,Cyprus,1972,9240
563,Czech Republic,1972,77270
564,Germany,1972,349130
565,Denmark,1972,42370
566,Spain,1972,499780
567,Estonia,1972,42390
568,France,1972,547566
569,United Kingdom,1972,241930
570,Georgia,1972,69490
571,Greece,1972,128900
572,Croatia,1972,55910
573,Hungary,1972,89970
574,Ireland,1972,68890
575,Iceland,1972,100250
576,Israel,1972,21640
577,Italy,1972,294110
578,Lithuania,1972,62680
579,Luxembourg,1972,
580,Latvia,1972,62196
581,Morocco,1972,446340
582,Monaco,1972,2.027
583,Moldova,1972,32870
584,North Macedonia,1972,25430
585,Malta,1972,320
586,Montenegro,1972,13450
587,Netherlands,1972,33760
588,Norway,1972,365244
589,Poland,1972,306290
590,Portugal,1972,91500
591,Romania,1972,230340
592,Russia,1972,16389950
593,San Marino,1972,60
594,Serbia,1972,87460
595,Slovakia,1972,48100
596,Slovenia,1972,20140
597,Sweden,1972,410340
598,Turkey,1972,769630
599,Ukraine,1972,579350
600,Albania,1973,27400
601,Andorra,1973,470
602,Armenia,1973,28470
603,Australia,1973,7682300
604,Austria,1973,82580
605,Azerbaijan,1973,83217
606,Belgium,1973,32820
607,Bulgaria,1973,110630
608,Bosnia and Herzegovina,1973,51200
609,Belarus,1973,202840
610,Bolivia,1973,1083300
611,Switzerland,1973,39528
612,Cyprus,1973,9240
613,Czech Republic,1973,77270
614,Germany,1973,349130
615,Denmark,1973,42370
616,Spain,1973,499780
617,Estonia,1973,42390
618,France,1973,547566
619,United Kingdom,1973,241930
620,Georgia,1973,69490
621,Greece,1973,128900
622,Croatia,1973,55910
623,Hungary,1973,89970
624,Ireland,1973,68890
625,Iceland,1973,100250
626,Israel,1973,21640
627,Italy,1973,294110
628,Lithuania,1973,62680
629,Luxembourg,1973,
630,Latvia,1973,62196
631,Morocco,1973,446300
632,Monaco,1973,2.027
633,Moldova,1973,32870
634,North Macedonia,1973,25430
635,Malta,1973,320
636,Montenegro,1973,13450
637,Netherlands,1973,33760
638,Norway,1973,365244
639,Poland,1973,306290
640,Portugal,1973,91500
641,Romania,1973,230340
642,Russia,1973,16389950
643,San Marino,1973,60
644,Serbia,1973,87460
645,Slovakia,1973,48100
646,Slovenia,1973,20140
647,Sweden,1973,410340
648,Turkey,1973,769630
649,Ukraine,1973,579350
650,Albania,1974,27400
651,Andorra,1974,470
652,Armenia,1974,28470
653,Australia,1974,7682300
654,Austria,1974,82580
655,Azerbaijan,1974,83217
656,Belgium,1974,32820
657,Bulgaria,1974,110630
658,Bosnia and Herzegovina,1974,51200
659,Belarus,1974,202840
660,Bolivia,1974,1083300
661,Switzerland,1974,39528
662,Cyprus,1974,9240
663,Czech Republic,1974,77270
664,Germany,1974,349130
665,Denmark,1974,42370
666,Spain,1974,499750
667,Estonia,1974,42390
668,France,1974,547566
669,United Kingdom,1974,241930
670,Georgia,1974,69490
671,Greece,1974,128900
672,Croatia,1974,55910
673,Hungary,1974,89970
674,Ireland,1974,68890
675,Iceland,1974,100250
676,Israel,1974,21640
677,Italy,1974,294110
678,Lithuania,1974,62680
679,Luxembourg,1974,
680,Latvia,1974,62196
681,Morocco,1974,446300
682,Monaco,1974,2.027
683,Moldova,1974,32870
684,North Macedonia,1974,25430
685,Malta,1974,320
686,Montenegro,1974,13450
687,Netherlands,1974,33760
688,Norway,1974,365244
689,Poland,1974,306290
690,Portugal,1974,91500
691,Romania,1974,230340
692,Russia,1974,16389950
693,San Marino,1974,60
694,Serbia,1974,87460
695,Slovakia,1974,48100
696,Slovenia,1974,20140
697,Sweden,1974,410340
698,Turkey,1974,769630
699,Ukraine,1974,579350
700,Albania,1975,27400
701,Andorra,1975,470
702,Armenia,1975,28470
703,Australia,1975,7682300
704,Austria,1975,82580
705,Azerbaijan,1975,83217
706,Belgium,1975,32820
707,Bulgaria,1975,110630
708,Bosnia and Herzegovina,1975,51200
709,Belarus,1975,202840
710,Bolivia,1975,1083300
711,Switzerland,1975,39528
712,Cyprus,1975,9240
713,Czech Republic,1975,77270
714,Germany,1975,349130
715,Denmark,1975,42370
716,Spain,1975,499630
717,Estonia,1975,42390
718,France,1975,547566
719,United Kingdom,1975,241930
720,Georgia,1975,69490
721,Greece,1975,128900
722,Croatia,1975,55910
723,Hungary,1975,89970
724,Ireland,1975,68890
725,Iceland,1975,100250
726,Israel,1975,21640
727,Italy,1975,294110
728,Lithuania,1975,62680
729,Luxembourg,1975,
730,Latvia,1975,62196
731,Morocco,1975,446300
732,Monaco,1975,2.027
733,Moldova,1975,32870
734,North Macedonia,1975,25430
735,Malta,1975,320
736,Montenegro,1975,13450
737,Netherlands,1975,33760
738,Norway,1975,365244
739,Poland,1975,306290
740,Portugal,1975,91500
741,Romania,1975,230340
742,Russia,1975,16389950
743,San Marino,1975,60
744,Serbia,1975,87460
745,Slovakia,1975,48100
746,Slovenia,1975,20140
747,Sweden,1975,410340
748,Turkey,1975,769630
749,Ukraine,1975,579350
750,Albania,1976,27400
751,Andorra,1976,470
752,Armenia,1976,28470
753,Australia,1976,7682300
754,Austria,1976,82580
755,Azerbaijan,1976,83217
756,Belgium,1976,32820
757,Bulgaria,1976,110630
758,Bosnia and Herzegovina,1976,51200
759,Belarus,1976,202840
760,Bolivia,1976,1083300
761,Switzerland,1976,39528
762,Cyprus,1976,9240
763,Czech Republic,1976,77270
764,Germany,1976,349130
765,Denmark,1976,42370
766,Spain,1976,499570
767,Estonia,1976,42390
768,France,1976,547566
769,United Kingdom,1976,241930
770,Georgia,1976,69490
771,Greece,1976,128900
772,Croatia,1976,55910
773,Hungary,1976,89950
774,Ireland,1976,68890
775,Iceland,1976,100250
776,Israel,1976,21640
777,Italy,1976,294110
778,Lithuania,1976,62680
779,Luxembourg,1976,
780,Latvia,1976,62196
781,Morocco,1976,446300
782,Monaco,1976,2.027
783,Moldova,1976,32870
784,North Macedonia,1976,25430
785,Malta,1976,320
786,Montenegro,1976,13450
787,Netherlands,1976,33760
788,Norway,1976,365244
789,Poland,1976,306290
790,Portugal,1976,91500
791,Romania,1976,230340
792,Russia,1976,16389950
793,San Marino,1976,60
794,Serbia,1976,87460
795,Slovakia,1976,48100
796,Slovenia,1976,20140
797,Sweden,1976,410340
798,Turkey,1976,769630
799,Ukraine,1976,579350
800,Albania,1977,27400
801,Andorra,1977,470
802,Armenia,1977,28470
803,Australia,1977,7682300
804,Austria,1977,82580
805,Azerbaijan,1977,83217
806,Belgium,1977,32820
807,Bulgaria,1977,110630
808,Bosnia and Herzegovina,1977,51200
809,Belarus,1977,202840
810,Bolivia,1977,1083300
811,Switzerland,1977,39528
812,Cyprus,1977,9240
813,Czech Republic,1977,77270
814,Germany,1977,349130
815,Denmark,1977,42370
816,Spain,1977,499540
817,Estonia,1977,42390
818,France,1977,547566
819,United Kingdom,1977,241930
820,Georgia,1977,69490
821,Greece,1977,128900
822,Croatia,1977,55910
823,Hungary,1977,89960
824,Ireland,1977,68890
825,Iceland,1977,100250
826,Israel,1977,21640
827,Italy,1977,294110
828,Lithuania,1977,62680
829,Luxembourg,1977,
830,Latvia,1977,62196
831,Morocco,1977,446300
832,Monaco,1977,2.027
833,Moldova,1977,32870
834,North Macedonia,1977,25430
835,Malta,1977,320
836,Montenegro,1977,13450
837,Netherlands,1977,33760
838,Norway,1977,365244
839,Poland,1977,306290
840,Portugal,1977,91500
841,Romania,1977,230340
842,Russia,1977,16389950
843,San Marino,1977,60
844,Serbia,1977,87460
845,Slovakia,1977,48100
846,Slovenia,1977,20140
847,Sweden,1977,410340
848,Turkey,1977,769630
849,Ukraine,1977,579350
850,Albania,1978,27400
851,Andorra,1978,470
852,Armenia,1978,28470
853,Australia,1978,7682300
854,Austria,1978,82580
855,Azerbaijan,1978,83217
856,Belgium,1978,32820
857,Bulgaria,1978,110630
858,Bosnia and Herzegovina,1978,51200
859,Belarus,1978,202840
860,Bolivia,1978,1083300
861,Switzerland,1978,39528
862,Cyprus,1978,9240
863,Czech Republic,1978,77270
864,Germany,1978,349130
865,Denmark,1978,42370
866,Spain,1978,499530
867,Estonia,1978,42390
868,France,1978,547566
869,United Kingdom,1978,241930
870,Georgia,1978,69490
871,Greece,1978,128900
872,Croatia,1978,55910
873,Hungary,1978,89970
874,Ireland,1978,68890
875,Iceland,1978,100250
876,Israel,1978,21640
877,Italy,1978,294110
878,Lithuania,1978,62680
879,Luxembourg,1978,
880,Latvia,1978,62196
881,Morocco,1978,446300
882,Monaco,1978,2.027
883,Moldova,1978,32870
884,North Macedonia,1978,25430
885,Malta,1978,320
886,Montenegro,1978,13450
887,Netherlands,1978,33760
888,Norway,1978,365244
889,Poland,1978,306290
890,Portugal,1978,91500
891,Romania,1978,230340
892,Russia,1978,16389950
893,San Marino,1978,60
894,Serbia,1978,87460
895,Slovakia,1978,48100
896,Slovenia,1978,20140
897,Sweden,1978,410340
898,Turkey,1978,769630
899,Ukraine,1978,579350
900,Albania,1979,27400
901,Andorra,1979,470
902,Armenia,1979,28470
903,Australia,1979,7682300
904,Austria,1979,82580
905,Azerbaijan,1979,83217
906,Belgium,1979,32820
907,Bulgaria,1979,110630
908,Bosnia and Herzegovina,1979,51200
909,Belarus,1979,202840
910,Bolivia,1979,1083300
911,Switzerland,1979,39528
912,Cyprus,1979,9240
913,Czech Republic,1979,77270
914,Germany,1979,349130
915,Denmark,1979,42380
916,Spain,1979,499540
917,Estonia,1979,42390
918,France,1979,547566
919,United Kingdom,1979,241930
920,Georgia,1979,69490
921,Greece,1979,128900
922,Croatia,1979,55910
923,Hungary,1979,89920
924,Ireland,1979,68890
925,Iceland,1979,100250
926,Israel,1979,21640
927,Italy,1979,294110
928,Lithuania,1979,62680
929,Luxembourg,1979,
930,Latvia,1979,62196
931,Morocco,1979,446300
932,Monaco,1979,2.027
933,Moldova,1979,32870
934,North Macedonia,1979,25430
935,Malta,1979,320
936,Montenegro,1979,13450
937,Netherlands,1979,33760
938,Norway,1979,365244
939,Poland,1979,306290
940,Portugal,1979,91500
941,Romania,1979,230340
942,Russia,1979,16389950
943,San Marino,1979,60
944,Serbia,1979,87460
945,Slovakia,1979,48100
946,Slovenia,1979,20140
947,Sweden,1979,410340
948,Turkey,1979,769630
949,Ukraine,1979,579350
950,Albania,1980,27400
951,Andorra,1980,470
952,Armenia,1980,28470
953,Australia,1980,7682300
954,Austria,1980,82580
955,Azerbaijan,1980,83217
956,Belgium,1980,32820
957,Bulgaria,1980,110630
958,Bosnia and Herzegovina,1980,51200
959,Belarus,1980,202840
960,Bolivia,1980,1083300
961,Switzerland,1980,39528
962,Cyprus,1980,9240
963,Czech Republic,1980,77270
964,Germany,1980,349130
965,Denmark,1980,42380
966,Spain,1980,499470
967,Estonia,1980,42390
968,France,1980,547566
969,United Kingdom,1980,241930
970,Georgia,1980,69490
971,Greece,1980,128900
972,Croatia,1980,55910
973,Hungary,1980,89910
974,Ireland,1980,68890
975,Iceland,1980,100250
976,Israel,1980,21640
977,Italy,1980,294110
978,Lithuania,1980,62680
979,Luxembourg,1980,
980,Latvia,1980,62196
981,Morocco,1980,446300
982,Monaco,1980,2.027
983,Moldova,1980,32870
984,North Macedonia,1980,25430
985,Malta,1980,320
986,Montenegro,1980,13450
987,Netherlands,1980,33760
988,Norway,1980,365244
989,Poland,1980,306290
990,Portugal,1980,91500
991,Romania,1980,230340
992,Russia,1980,16389950
993,San Marino,1980,60
994,Serbia,1980,87460
995,Slovakia,1980,48100
996,Slovenia,1980,20140
997,Sweden,1980,410340
998,Turkey,1980,769630
999,Ukraine,1980,579350
1000,Albania,1981,27400
1001,Andorra,1981,470
1002,Armenia,1981,28470
1003,Australia,1981,7682300
1004,Austria,1981,82580
1005,Azerbaijan,1981,83217
1006,Belgium,1981,32820
1007,Bulgaria,1981,110630
1008,Bosnia and Herzegovina,1981,51200
1009,Belarus,1981,202840
1010,Bolivia,1981,1083300
1011,Switzerland,1981,39528
1012,Cyprus,1981,9240
1013,Czech Republic,1981,77270
1014,Germany,1981,349130
1015,Denmark,1981,42380
1016,Spain,1981,499460
1017,Estonia,1981,42390
1018,France,1981,547566
1019,United Kingdom,1981,241930
1020,Georgia,1981,69490
1021,Greece,1981,128900
1022,Croatia,1981,55910
1023,Hungary,1981,89900
1024,Ireland,1981,68890
1025,Iceland,1981,100250
1026,Israel,1981,21640
1027,Italy,1981,294110
1028,Lithuania,1981,62680
1029,Luxembourg,1981,
1030,Latvia,1981,62196
1031,Morocco,1981,446300
1032,Monaco,1981,2.027
1033,Moldova,1981,32870
1034,North Macedonia,1981,25430
1035,Malta,1981,320
1036,Montenegro,1981,13450
1037,Netherlands,1981,33760
1038,Norway,1981,365244
1039,Poland,1981,306290
1040,Portugal,1981,91500
1041,Romania,1981,230340
1042,Russia,1981,16389950
1043,San Marino,1981,60
1044,Serbia,1981,87460
1045,Slovakia,1981,48100
1046,Slovenia,1981,20140
1047,Sweden,1981,410340
1048,Turkey,1981,769630
1049,Ukraine,1981,579350
1050,Albania,1982,27400
1051,Andorra,1982,470
1052,Armenia,1982,28470
1053,Australia,1982,7682300
1054,Austria,1982,82580
1055,Azerbaijan,1982,83217
1056,Belgium,1982,32820
1057,Bulgaria,1982,110630
1058,Bosnia and Herzegovina,1982,51200
1059,Belarus,1982,202840
1060,Bolivia,1982,1083300
1061,Switzerland,1982,39528
1062,Cyprus,1982,9240
1063,Czech Republic,1982,77270
1064,Germany,1982,349130
1065,Denmark,1982,42380
1066,Spain,1982,499460
1067,Estonia,1982,42390
1068,France,1982,547566
1069,United Kingdom,1982,241930
1070,Georgia,1982,69490
1071,Greece,1982,128900
1072,Croatia,1982,55910
1073,Hungary,1982,89890
1074,Ireland,1982,68890
1075,Iceland,1982,100250
1076,Israel,1982,21640
1077,Italy,1982,294110
1078,Lithuania,1982,62680
1079,Luxembourg,1982,
1080,Latvia,1982,62196
1081,Morocco,1982,446300
1082,Monaco,1982,2.027
1083,Moldova,1982,32870
1084,North Macedonia,1982,25430
1085,Malta,1982,320
1086,Montenegro,1982,13450
1087,Netherlands,1982,33760
1088,Norway,1982,365244
1089,Poland,1982,306290
1090,Portugal,1982,91500
1091,Romania,1982,230340
1092,Russia,1982,16389950
1093,San Marino,1982,60
1094,Serbia,1982,87460
1095,Slovakia,1982,48100
1096,Slovenia,1982,20140
1097,Sweden,1982,410340
1098,Turkey,1982,769630
1099,Ukraine,1982,579350
1100,Albania,1983,27400
1101,Andorra,1983,470
1102,Armenia,1983,28470
1103,Australia,1983,7682300
1104,Austria,1983,82580
1105,Azerbaijan,1983,83217
1106,Belgium,1983,32820
1107,Bulgaria,1983,110630
1108,Bosnia and Herzegovina,1983,51200
1109,Belarus,1983,202840
1110,Bolivia,1983,1083300
1111,Switzerland,1983,39528
1112,Cyprus,1983,9240
1113,Czech Republic,1983,77270
1114,Germany,1983,349130
1115,Denmark,1983,42380
1116,Spain,1983,499430
1117,Estonia,1983,42390
1118,France,1983,547566
1119,United Kingdom,1983,241930
1120,Georgia,1983,69490
1121,Greece,1983,128900
1122,Croatia,1983,55910
1123,Hungary,1983,89880
1124,Ireland,1983,68890
1125,Iceland,1983,100250
1126,Israel,1983,21640
1127,Italy,1983,294110
1128,Lithuania,1983,62680
1129,Luxembourg,1983,
1130,Latvia,1983,62196
1131,Morocco,1983,446300
1132,Monaco,1983,2.027
1133,Moldova,1983,32870
1134,North Macedonia,1983,25430
1135,Malta,1983,320
1136,Montenegro,1983,13450
1137,Netherlands,1983,33760
1138,Norway,1983,365244
1139,Poland,1983,306290
1140,Portugal,1983,91500
1141,Romania,1983,230340
1142,Russia,1983,16389950
1143,San Marino,1983,60
1144,Serbia,1983,87460
1145,Slovakia,1983,48100
1146,Slovenia,1983,20140
1147,Sweden,1983,410340
1148,Turkey,1983,769630
1149,Ukraine,1983,579350
1150,Albania,1984,27400
1151,Andorra,1984,470
1152,Armenia,1984,28470
1153,Australia,1984,7682300
1154,Austria,1984,82580
1155,Azerbaijan,1984,83217
1156,Belgium,1984,32820
1157,Bulgaria,1984,110630
1158,Bosnia and Herzegovina,1984,51200
1159,Belarus,1984,202840
1160,Bolivia,1984,1083300
1161,Switzerland,1984,39529
1162,Cyprus,1984,9240
1163,Czech Republic,1984,77270
1164,Germany,1984,349130
1165,Denmark,1984,42380
1166,Spain,1984,499440
1167,Estonia,1984,42390
1168,France,1984,547566
1169,United Kingdom,1984,241930
1170,Georgia,1984,69490
1171,Greece,1984,128900
1172,Croatia,1984,55910
1173,Hungary,1984,89880
1174,Ireland,1984,68890
1175,Iceland,1984,100250
1176,Israel,1984,21640
1177,Italy,1984,294110
1178,Lithuania,1984,62680
1179,Luxembourg,1984,
1180,Latvia,1984,62196
1181,Morocco,1984,446300
1182,Monaco,1984,2.027
1183,Moldova,1984,32870
1184,North Macedonia,1984,25430
1185,Malta,1984,320
1186,Montenegro,1984,13450
1187,Netherlands,1984,33760
1188,Norway,1984,365244
1189,Poland,1984,306290
1190,Portugal,1984,91500
1191,Romania,1984,230340
1192,Russia,1984,16389950
1193,San Marino,1984,60
1194,Serbia,1984,87460
1195,Slovakia,1984,48100
1196,Slovenia,1984,20140
1197,Sweden,1984,410340
1198,Turkey,1984,769630
1199,Ukraine,1984,579350
1200,Albania,1985,27400
1201,Andorra,1985,470
1202,Armenia,1985,28470
1203,Australia,1985,7682300
1204,Austria,1985,82580
1205,Azerbaijan,1985,83217
1206,Belgium,1985,32820
1207,Bulgaria,1985,110630
1208,Bosnia and Herzegovina,1985,51200
1209,Belarus,1985,202840
1210,Bolivia,1985,1083300
1211,Switzerland,1985,39529
1212,Cyprus,1985,9240
1213,Czech Republic,1985,77270
1214,Germany,1985,349130
1215,Denmark,1985,42380
1216,Spain,1985,499440
1217,Estonia,1985,42390
1218,France,1985,547566
1219,United Kingdom,1985,241930
1220,Georgia,1985,69490
1221,Greece,1985,128900
1222,Croatia,1985,55910
1223,Hungary,1985,89880
1224,Ireland,1985,68890
1225,Iceland,1985,100250
1226,Israel,1985,21640
1227,Italy,1985,294110
1228,Lithuania,1985,62680
1229,Luxembourg,1985,
1230,Latvia,1985,62196
1231,Morocco,1985,446300
1232,Monaco,1985,2.027
1233,Moldova,1985,32870
1234,North Macedonia,1985,25430
1235,Malta,1985,320
1236,Montenegro,1985,13450
1237,Netherlands,1985,33760
1238,Norway,1985,365244
1239,Poland,1985,306290
1240,Portugal,1985,91500
1241,Romania,1985,230340
1242,Russia,1985,16389950
1243,San Marino,1985,60
1244,Serbia,1985,87460
1245,Slovakia,1985,48100
1246,Slovenia,1985,20140
1247,Sweden,1985,410340
1248,Turkey,1985,769630
1249,Ukraine,1985,579350
1250,Albania,1986,27400
1251,Andorra,1986,470
1252,Armenia,1986,28470
1253,Australia,1986,7682300
1254,Austria,1986,82580
1255,Azerbaijan,1986,83217
1256,Belgium,1986,32820
1257,Bulgaria,1986,110630
1258,Bosnia and Herzegovina,1986,51200
1259,Belarus,1986,202840
1260,Bolivia,1986,1083300
1261,Switzerland,1986,39529
1262,Cyprus,1986,9240
1263,Czech Republic,1986,77270
1264,Germany,1986,349130
1265,Denmark,1986,42380
1266,Spain,1986,499440
1267,Estonia,1986,42390
1268,France,1986,547566
1269,United Kingdom,1986,241930
1270,Georgia,1986,69490
1271,Greece,1986,128900
1272,Croatia,1986,55910
1273,Hungary,1986,89880
1274,Ireland,1986,68890
1275,Iceland,1986,100250
1276,Israel,1986,21640
1277,Italy,1986,294110
1278,Lithuania,1986,62680
1279,Luxembourg,1986,
1280,Latvia,1986,62196
1281,Morocco,1986,446300
1282,Monaco,1986,2.027
1283,Moldova,1986,32870
1284,North Macedonia,1986,25430
1285,Malta,1986,320
1286,Montenegro,1986,13450
1287,Netherlands,1986,33760
1288,Norway,1986,365244
1289,Poland,1986,306290
1290,Portugal,1986,91500
1291,Romania,1986,230340
1292,Russia,1986,16389950
1293,San Marino,1986,60
1294,Serbia,1986,87460
1295,Slovakia,1986,48100
1296,Slovenia,1986,20140
1297,Sweden,1986,410340
1298,Turkey,1986,769630
1299,Ukraine,1986,579350
1300,Albania,1987,27400
1301,Andorra,1987,470
1302,Armenia,1987,28470
1303,Australia,1987,7682300
1304,Austria,1987,82580
1305,Azerbaijan,1987,83217
1306,Belgium,1987,32820
1307,Bulgaria,1987,110630
1308,Bosnia and Herzegovina,1987,51200
1309,Belarus,1987,202840
1310,Bolivia,1987,1083300
1311,Switzerland,1987,39529
1312,Cyprus,1987,9240
1313,Czech Republic,1987,77270
1314,Germany,1987,349130
1315,Denmark,1987,42390
1316,Spain,1987,499440
1317,Estonia,1987,42390
1318,France,1987,547566
1319,United Kingdom,1987,241930
1320,Georgia,1987,69490
1321,Greece,1987,128900
1322,Croatia,1987,55910
1323,Hungary,1987,89880
1324,Ireland,1987,68890
1325,Iceland,1987,100250
1326,Israel,1987,21640
1327,Italy,1987,294110
1328,Lithuania,1987,62680
1329,Luxembourg,1987,
1330,Latvia,1987,62196
1331,Morocco,1987,446300
1332,Monaco,1987,2.027
1333,Moldova,1987,32870
1334,North Macedonia,1987,25430
1335,Malta,1987,320
1336,Montenegro,1987,13450
1337,Netherlands,1987,33760
1338,Norway,1987,365244
1339,Poland,1987,306290
1340,Portugal,1987,91500
1341,Romania,1987,230340
1342,Russia,1987,16389950
1343,San Marino,1987,60
1344,Serbia,1987,87460
1345,Slovakia,1987,48100
1346,Slovenia,1987,20140
1347,Sweden,1987,410340
1348,Turkey,1987,769630
1349,Ukraine,1987,579350
1350,Albania,1988,27400
1351,Andorra,1988,470
1352,Armenia,1988,28470
1353,Australia,1988,7682300
1354,Austria,1988,82580
1355,Azerbaijan,1988,83217
1356,Belgium,1988,32820
1357,Bulgaria,1988,110630
1358,Bosnia and Herzegovina,1988,51200
1359,Belarus,1988,202840
1360,Bolivia,1988,1083300
1361,Switzerland,1988,39529
1362,Cyprus,1988,9240
1363,Czech Republic,1988,77270
1364,Germany,1988,349130
1365,Denmark,1988,42390
1366,Spain,1988,499440
1367,Estonia,1988,42390
1368,France,1988,547566
1369,United Kingdom,1988,241930
1370,Georgia,1988,69490
1371,Greece,1988,128900
1372,Croatia,1988,55910
1373,Hungary,1988,89870
1374,Ireland,1988,68890
1375,Iceland,1988,100250
1376,Israel,1988,21640
1377,Italy,1988,294110
1378,Lithuania,1988,62680
1379,Luxembourg,1988,
1380,Latvia,1988,62196
1381,Morocco,1988,446300
1382,Monaco,1988,2.027
1383,Moldova,1988,32870
1384,North Macedonia,1988,25430
1385,Malta,1988,320
1386,Montenegro,1988,13450
1387,Netherlands,1988,33760
1388,Norway,1988,365244
1389,Poland,1988,306290
1390,Portugal,1988,91500
1391,Romania,1988,230340
1392,Russia,1988,16389950
1393,San Marino,1988,60
1394,Serbia,1988,87460
1395,Slovakia,1988,48100
1396,Slovenia,1988,20140
1397,Sweden,1988,410340
1398,Turkey,1988,769630
1399,Ukraine,1988,579350
1400,Albania,1989,27400
1401,Andorra,1989,470
1402,Armenia,1989,28470
1403,Australia,1989,7682300
1404,Austria,1989,82580
1405,Azerbaijan,1989,83217
1406,Belgium,1989,32820
1407,Bulgaria,1989,110630
1408,Bosnia and Herzegovina,1989,51200
1409,Belarus,1989,202840
1410,Bolivia,1989,1083300
1411,Switzerland,1989,39529
1412,Cyprus,1989,9240
1413,Czech Republic,1989,77270
1414,Germany,1989,349130
1415,Denmark,1989,42390
1416,Spain,1989,499440
1417,Estonia,1989,42390
1418,France,1989,547566
1419,United Kingdom,1989,241930
1420,Georgia,1989,69490
1421,Greece,1989,128900
1422,Croatia,1989,55910
1423,Hungary,1989,89870
1424,Ireland,1989,68890
1425,Iceland,1989,100250
1426,Israel,1989,21640
1427,Italy,1989,294110
1428,Lithuania,1989,62680
1429,Luxembourg,1989,
1430,Latvia,1989,62196
1431,Morocco,1989,446300
1432,Monaco,1989,2.027
1433,Moldova,1989,32870
1434,North Macedonia,1989,25430
1435,Malta,1989,320
1436,Montenegro,1989,13450
1437,Netherlands,1989,33760
1438,Norway,1989,365244
1439,Poland,1989,306290
1440,Portugal,1989,91500
1441,Romania,1989,229350
1442,Russia,1989,16389950
1443,San Marino,1989,60
1444,Serbia,1989,87460
1445,Slovakia,1989,48100
1446,Slovenia,1989,20140
1447,Sweden,1989,410340
1448,Turkey,1989,769630
1449,Ukraine,1989,579350
1450,Albania,1990,27400
1451,Andorra,1990,470
1452,Armenia,1990,28470
1453,Australia,1990,7682300
1454,Austria,1990,82580
1455,Azerbaijan,1990,83217
1456,Belgium,1990,32820
1457,Bulgaria,1990,110630
1458,Bosnia and Herzegovina,1990,51200
1459,Belarus,1990,202840
1460,Bolivia,1990,1083300
1461,Switzerland,1990,39529
1462,Cyprus,1990,9240
1463,Czech Republic,1990,77270
1464,Germany,1990,349130
1465,Denmark,1990,42390
1466,Spain,1990,499440
1467,Estonia,1990,42390
1468,France,1990,547566
1469,United Kingdom,1990,241930
1470,Georgia,1990,69490
1471,Greece,1990,128900
1472,Croatia,1990,55910
1473,Hungary,1990,89870
1474,Ireland,1990,68890
1475,Iceland,1990,100250
1476,Israel,1990,21640
1477,Italy,1990,294110
1478,Lithuania,1990,62680
1479,Luxembourg,1990,
1480,Latvia,1990,62196
1481,Morocco,1990,446300
1482,Monaco,1990,2.027
1483,Moldova,1990,32870
1484,North Macedonia,1990,25430
1485,Malta,1990,320
1486,Montenegro,1990,13450
1487,Netherlands,1990,33760
1488,Norway,1990,365244
1489,Poland,1990,306290
1490,Portugal,1990,91500
1491,Romania,1990,229350
1492,Russia,1990,16389950
1493,San Marino,1990,60
1494,Serbia,1990,87460
1495,Slovakia,1990,48100
1496,Slovenia,1990,20140
1497,Sweden,1990,410340
1498,Turkey,1990,769630
1499,Ukraine,1990,579350
1500,Albania,1991,27400
1501,Andorra,1991,470
1502,Armenia,1991,28470
1503,Australia,1991,7682300
1504,Austria,1991,82580
1505,Azerbaijan,1991,83217
1506,Belgium,1991,32820
1507,Bulgaria,1991,110630
1508,Bosnia and Herzegovina,1991,51200
1509,Belarus,1991,202840
1510,Bolivia,1991,1083300
1511,Switzerland,1991,39529
1512,Cyprus,1991,9240
1513,Czech Republic,1991,77270
1514,Germany,1991,349130
1515,Denmark,1991,42390
1516,Spain,1991,499440
1517,Estonia,1991,42390
1518,France,1991,547566
1519,United Kingdom,1991,241930
1520,Georgia,1991,69490
1521,Greece,1991,128900
1522,Croatia,1991,55910
1523,Hungary,1991,89870
1524,Ireland,1991,68890
1525,Iceland,1991,100250
1526,Israel,1991,21640
1527,Italy,1991,294110
1528,Lithuania,1991,62680
1529,Luxembourg,1991,
1530,Latvia,1991,62196
1531,Morocco,1991,446300
1532,Monaco,1991,2.027
1533,Moldova,1991,32870
1534,North Macedonia,1991,25430
1535,Malta,1991,320
1536,Montenegro,1991,13450
1537,Netherlands,1991,33760
1538,Norway,1991,365244
1539,Poland,1991,306290
1540,Portugal,1991,91500
1541,Romania,1991,229460
1542,Russia,1991,16389950
1543,San Marino,1991,60
1544,Serbia,1991,87460
1545,Slovakia,1991,48100
1546,Slovenia,1991,20140
1547,Sweden,1991,410340
1548,Turkey,1991,769630
1549,Ukraine,1991,579350
1550,Albania,1992,27400
1551,Andorra,1992,470
1552,Armenia,1992,28470
1553,Australia,1992,7682300
1554,Austria,1992,82580
1555,Azerbaijan,1992,83217
1556,Belgium,1992,32820
1557,Bulgaria,1992,110630
1558,Bosnia and Herzegovina,1992,51200
1559,Belarus,1992,202840
1560,Bolivia,1992,1083300
1561,Switzerland,1992,39529
1562,Cyprus,1992,9240
1563,Czech Republic,1992,77270
1564,Germany,1992,349130
1565,Denmark,1992,42430
1566,Spain,1992,499440
1567,Estonia,1992,42390
1568,France,1992,547566
1569,United Kingdom,1992,241930
1570,Georgia,1992,69490
1571,Greece,1992,128900
1572,Croatia,1992,55910
1573,Hungary,1992,89870
1574,Ireland,1992,68890
1575,Iceland,1992,100250
1576,Israel,1992,21640
1577,Italy,1992,294110
1578,Lithuania,1992,62680
1579,Luxembourg,1992,
1580,Latvia,1992,62196
1581,Morocco,1992,446300
1582,Monaco,1992,2.027
1583,Moldova,1992,32870
1584,North Macedonia,1992,25430
1585,Malta,1992,320
1586,Montenegro,1992,13450
1587,Netherlands,1992,33760
1588,Norway,1992,365244
1589,Poland,1992,306290
1590,Portugal,1992,91500
1591,Romania,1992,229460
1592,Russia,1992,16389950
1593,San Marino,1992,60
1594,Serbia,1992,87460
1595,Slovakia,1992,48100
1596,Slovenia,1992,20140
1597,Sweden,1992,410340
1598,Turkey,1992,769630
1599,Ukraine,1992,579350
1600,Albania,1993,27400
1601,Andorra,1993,470
1602,Armenia,1993,28470
1603,Australia,1993,7682300
1604,Austria,1993,82580
1605,Azerbaijan,1993,83217
1606,Belgium,1993,32820
1607,Bulgaria,1993,110630
1608,Bosnia and Herzegovina,1993,51200
1609,Belarus,1993,202840
1610,Bolivia,1993,1083300
1611,Switzerland,1993,39529
1612,Cyprus,1993,9240
1613,Czech Republic,1993,77270
1614,Germany,1993,349120
1615,Denmark,1993,42430
1616,Spain,1993,499440
1617,Estonia,1993,42390
1618,France,1993,547566
1619,United Kingdom,1993,241930
1620,Georgia,1993,69490
1621,Greece,1993,128900
1622,Croatia,1993,55910
1623,Hungary,1993,89860
1624,Ireland,1993,68890
1625,Iceland,1993,100250
1626,Israel,1993,21640
1627,Italy,1993,294110
1628,Lithuania,1993,62680
1629,Luxembourg,1993,
1630,Latvia,1993,62196
1631,Morocco,1993,446300
1632,Monaco,1993,2.027
1633,Moldova,1993,32950
1634,North Macedonia,1993,25430
1635,Malta,1993,320
1636,Montenegro,1993,13450
1637,Netherlands,1993,33760
1638,Norway,1993,365244
1639,Poland,1993,306290
1640,Portugal,1993,91500
1641,Romania,1993,229460
1642,Russia,1993,16386180
1643,San Marino,1993,60
1644,Serbia,1993,87460
1645,Slovakia,1993,48100
1646,Slovenia,1993,20140
1647,Sweden,1993,410340
1648,Turkey,1993,769630
1649,Ukraine,1993,579350
1650,Albania,1994,27400
1651,Andorra,1994,470
1652,Armenia,1994,28470
1653,Australia,1994,7682300
1654,Austria,1994,82580
1655,Azerbaijan,1994,83217
1656,Belgium,1994,32820
1657,Bulgaria,1994,110630
1658,Bosnia and Herzegovina,1994,51200
1659,Belarus,1994,202840
1660,Bolivia,1994,1083300
1661,Switzerland,1994,39529
1662,Cyprus,1994,9240
1663,Czech Republic,1994,77270
1664,Germany,1994,349110
1665,Denmark,1994,42430
1666,Spain,1994,499440
1667,Estonia,1994,42390
1668,France,1994,547566
1669,United Kingdom,1994,241930
1670,Georgia,1994,69490
1671,Greece,1994,128900
1672,Croatia,1994,55910
1673,Hungary,1994,89860
1674,Ireland,1994,68890
1675,Iceland,1994,100250
1676,Israel,1994,21640
1677,Italy,1994,294110
1678,Lithuania,1994,62680
1679,Luxembourg,1994,
1680,Latvia,1994,62196
1681,Morocco,1994,446300
1682,Monaco,1994,2.027
1683,Moldova,1994,32940
1684,North Macedonia,1994,25430
1685,Malta,1994,320
1686,Montenegro,1994,13450
1687,Netherlands,1994,33760
1688,Norway,1994,365244
1689,Poland,1994,306290
1690,Portugal,1994,91500
1691,Romania,1994,229510
1692,Russia,1994,16381330
1693,San Marino,1994,60
1694,Serbia,1994,87460
1695,Slovakia,1994,48100
1696,Slovenia,1994,20140
1697,Sweden,1994,410340
1698,Turkey,1994,769630
1699,Ukraine,1994,579350
1700,Albania,1995,27400
1701,Andorra,1995,470
1702,Armenia,1995,28470
1703,Australia,1995,7682300
1704,Austria,1995,82580
1705,Azerbaijan,1995,83217
1706,Belgium,1995,32820
1707,Bulgaria,1995,110630
1708,Bosnia and Herzegovina,1995,51200
1709,Belarus,1995,202840
1710,Bolivia,1995,1083300
1711,Switzerland,1995,39529
1712,Cyprus,1995,9240
1713,Czech Republic,1995,77270
1714,Germany,1995,349100
1715,Denmark,1995,42430
1716,Spain,1995,499440
1717,Estonia,1995,42390
1718,France,1995,547566
1719,United Kingdom,1995,241930
1720,Georgia,1995,69490
1721,Greece,1995,128900
1722,Croatia,1995,55910
1723,Hungary,1995,89860
1724,Ireland,1995,68890
1725,Iceland,1995,100250
1726,Israel,1995,21640
1727,Italy,1995,294110
1728,Lithuania,1995,62680
1729,Luxembourg,1995,
1730,Latvia,1995,62196
1731,Morocco,1995,446300
1732,Monaco,1995,2.027
1733,Moldova,1995,32930
1734,North Macedonia,1995,25430
1735,Malta,1995,320
1736,Montenegro,1995,13450
1737,Netherlands,1995,33760
1738,Norway,1995,365244
1739,Poland,1995,306290
1740,Portugal,1995,91500
1741,Romania,1995,229490
1742,Russia,1995,16378380
1743,San Marino,1995,60
1744,Serbia,1995,87460
1745,Slovakia,1995,48100
1746,Slovenia,1995,20140
1747,Sweden,1995,410340
1748,Turkey,1995,769630
1749,Ukraine,1995,579350
1750,Albania,1996,27400
1751,Andorra,1996,470
1752,Armenia,1996,28470
1753,Australia,1996,7682300
1754,Austria,1996,82580
1755,Azerbaijan,1996,83217
1756,Belgium,1996,32820
1757,Bulgaria,1996,110630
1758,Bosnia and Herzegovina,1996,51200
1759,Belarus,1996,202840
1760,Bolivia,1996,1083300
1761,Switzerland,1996,39528
1762,Cyprus,1996,9240
1763,Czech Republic,1996,77270
1764,Germany,1996,349090
1765,Denmark,1996,42430
1766,Spain,1996,499440
1767,Estonia,1996,42390
1768,France,1996,547566
1769,United Kingdom,1996,241930
1770,Georgia,1996,69490
1771,Greece,1996,128900
1772,Croatia,1996,55980
1773,Hungary,1996,89860
1774,Ireland,1996,68890
1775,Iceland,1996,100250
1776,Israel,1996,21640
1777,Italy,1996,294110
1778,Lithuania,1996,62680
1779,Luxembourg,1996,
1780,Latvia,1996,62196
1781,Morocco,1996,446300
1782,Monaco,1996,2.027
1783,Moldova,1996,32930
1784,North Macedonia,1996,25430
1785,Malta,1996,320
1786,Montenegro,1996,13450
1787,Netherlands,1996,33760
1788,Norway,1996,365244
1789,Poland,1996,306290
1790,Portugal,1996,91500
1791,Romania,1996,229520
1792,Russia,1996,16377960
1793,San Marino,1996,60
1794,Serbia,1996,87460
1795,Slovakia,1996,48100
1796,Slovenia,1996,20140
1797,Sweden,1996,410340
1798,Turkey,1996,769630
1799,Ukraine,1996,579350
1800,Albania,1997,27400
1801,Andorra,1997,470
1802,Armenia,1997,28470
1803,Australia,1997,7682300
1804,Austria,1997,82580
1805,Azerbaijan,1997,83217
1806,Belgium,1997,32820
1807,Bulgaria,1997,110630
1808,Bosnia and Herzegovina,1997,51200
1809,Belarus,1997,202840
1810,Bolivia,1997,1083300
1811,Switzerland,1997,39527
1812,Cyprus,1997,9240
1813,Czech Republic,1997,77270
1814,Germany,1997,349050
1815,Denmark,1997,42430
1816,Spain,1997,499440
1817,Estonia,1997,42390
1818,France,1997,547566
1819,United Kingdom,1997,241930
1820,Georgia,1997,69490
1821,Greece,1997,128900
1822,Croatia,1997,55980
1823,Hungary,1997,89800
1824,Ireland,1997,68890
1825,Iceland,1997,100250
1826,Israel,1997,21640
1827,Italy,1997,294110
1828,Lithuania,1997,62680
1829,Luxembourg,1997,
1830,Latvia,1997,62196
1831,Morocco,1997,446300
1832,Monaco,1997,2.027
1833,Moldova,1997,32920
1834,North Macedonia,1997,25430
1835,Malta,1997,320
1836,Montenegro,1997,13450
1837,Netherlands,1997,33760
1838,Norway,1997,365244
1839,Poland,1997,306290
1840,Portugal,1997,91500
1841,Romania,1997,229530
1842,Russia,1997,16378650
1843,San Marino,1997,60
1844,Serbia,1997,87460
1845,Slovakia,1997,48100
1846,Slovenia,1997,20140
1847,Sweden,1997,410340
1848,Turkey,1997,769630
1849,Ukraine,1997,579350
1850,Albania,1998,27400
1851,Andorra,1998,470
1852,Armenia,1998,28470
1853,Australia,1998,7682300
1854,Austria,1998,82580
1855,Azerbaijan,1998,83092
1856,Belgium,1998,32820
1857,Bulgaria,1998,110630
1858,Bosnia and Herzegovina,1998,51200
1859,Belarus,1998,202840
1860,Bolivia,1998,1083300
1861,Switzerland,1998,39526
1862,Cyprus,1998,9240
1863,Czech Republic,1998,77270
1864,Germany,1998,349020
1865,Denmark,1998,42430
1866,Spain,1998,499440
1867,Estonia,1998,42390
1868,France,1998,547566
1869,United Kingdom,1998,241930
1870,Georgia,1998,69490
1871,Greece,1998,128900
1872,Croatia,1998,55910
1873,Hungary,1998,89800
1874,Ireland,1998,68890
1875,Iceland,1998,100250
1876,Israel,1998,21640
1877,Italy,1998,294110
1878,Lithuania,1998,62680
1879,Luxembourg,1998,
1880,Latvia,1998,62196
1881,Morocco,1998,446300
1882,Monaco,1998,2.027
1883,Moldova,1998,32910
1884,North Macedonia,1998,25430
1885,Malta,1998,320
1886,Montenegro,1998,13450
1887,Netherlands,1998,33760
1888,Norway,1998,365244
1889,Poland,1998,306290
1890,Portugal,1998,91500
1891,Romania,1998,229590
1892,Russia,1998,16381300
1893,San Marino,1998,60
1894,Serbia,1998,87460
1895,Slovakia,1998,48100
1896,Slovenia,1998,20140
1897,Sweden,1998,410340
1898,Turkey,1998,769630
1899,Ukraine,1998,579350
1900,Albania,1999,27400
1901,Andorra,1999,470
1902,Armenia,1999,28470
1903,Australia,1999,7682300
1904,Austria,1999,82580
1905,Azerbaijan,1999,82705
1906,Belgium,1999,32820
1907,Bulgaria,1999,110630
1908,Bosnia and Herzegovina,1999,51200
1909,Belarus,1999,202840
1910,Bolivia,1999,1083300
1911,Switzerland,1999,39525
1912,Cyprus,1999,9240
1913,Czech Republic,1999,77270
1914,Germany,1999,348980
1915,Denmark,1999,42430
1916,Spain,1999,499440
1917,Estonia,1999,42390
1918,France,1999,547566
1919,United Kingdom,1999,241930
1920,Georgia,1999,69490
1921,Greece,1999,128900
1922,Croatia,1999,55910
1923,Hungary,1999,89800
1924,Ireland,1999,68890
1925,Iceland,1999,100250
1926,Israel,1999,21640
1927,Italy,1999,294110
1928,Lithuania,1999,62680
1929,Luxembourg,1999,
1930,Latvia,1999,62196
1931,Morocco,1999,446300
1932,Monaco,1999,2.027
1933,Moldova,1999,32900
1934,North Macedonia,1999,25430
1935,Malta,1999,320
1936,Montenegro,1999,13450
1937,Netherlands,1999,33760
1938,Norway,1999,365244
1939,Poland,1999,306290
1940,Portugal,1999,91500
1941,Romania,1999,229600
1942,Russia,1999,16388510
1943,San Marino,1999,60
1944,Serbia,1999,87460
1945,Slovakia,1999,48100
1946,Slovenia,1999,20140
1947,Sweden,1999,410340
1948,Turkey,1999,769630
1949,Ukraine,1999,579350
1950,Albania,2000,27400
1951,Andorra,2000,470
1952,Armenia,2000,28470
1953,Australia,2000,7682300
1954,Austria,2000,82580
1955,Azerbaijan,2000,82605
1956,Belgium,2000,30280
1957,Bulgaria,2000,110630
1958,Bosnia and Herzegovina,2000,51200
1959,Belarus,2000,202840
1960,Bolivia,2000,1083300
1961,Switzerland,2000,39524
1962,Cyprus,2000,9240
1963,Czech Republic,2000,77270
1964,Germany,2000,348950
1965,Denmark,2000,42430
1966,Spain,2000,499000
1967,Estonia,2000,42390
1968,France,2000,547567
1969,United Kingdom,2000,241930
1970,Georgia,2000,69490
1971,Greece,2000,128900
1972,Croatia,2000,55910
1973,Hungary,2000,89620
1974,Ireland,2000,68890
1975,Iceland,2000,100250
1976,Israel,2000,21640
1977,Italy,2000,294110
1978,Lithuania,2000,62680
1979,Luxembourg,2000,2430
1980,Latvia,2000,62196
1981,Morocco,2000,446300
1982,Monaco,2000,2.027
1983,Moldova,2000,32880
1984,North Macedonia,2000,25430
1985,Malta,2000,320
1986,Montenegro,2000,13450
1987,Netherlands,2000,33760
1988,Norway,2000,365244
1989,Poland,2000,306290
1990,Portugal,2000,91500
1991,Romania,2000,229710
1992,Russia,2000,16381340
1993,San Marino,2000,60
1994,Serbia,2000,87460
1995,Slovakia,2000,48100
1996,Slovenia,2000,20140
1997,Sweden,2000,410340
1998,Turkey,2000,769630
1999,Ukraine,2000,579350
2000,Albania,2001,27400
2001,Andorra,2001,470
2002,Armenia,2001,28470
2003,Australia,2001,7682300
2004,Austria,2001,82580
2005,Azerbaijan,2001,82604
2006,Belgium,2001,30280
2007,Bulgaria,2001,110630
2008,Bosnia and Herzegovina,2001,51200
2009,Belarus,2001,202840
2010,Bolivia,2001,1083300
2011,Switzerland,2001,39523
2012,Cyprus,2001,9240
2013,Czech Republic,2001,77270
2014,Germany,2001,348900
2015,Denmark,2001,42430
2016,Spain,2001,498520
2017,Estonia,2001,42390
2018,France,2001,547567
2019,United Kingdom,2001,241930
2020,Georgia,2001,69490
2021,Greece,2001,128900
2022,Croatia,2001,55910
2023,Hungary,2001,89620
2024,Ireland,2001,68890
2025,Iceland,2001,100250
2026,Israel,2001,21640
2027,Italy,2001,294110
2028,Lithuania,2001,62680
2029,Luxembourg,2001,2430
2030,Latvia,2001,62196
2031,Morocco,2001,446300
2032,Monaco,2001,2.027
2033,Moldova,2001,32880
2034,North Macedonia,2001,25430
2035,Malta,2001,320
2036,Montenegro,2001,13450
2037,Netherlands,2001,33760
2038,Norway,2001,365244
2039,Poland,2001,306290
2040,Portugal,2001,91500
2041,Romania,2001,229710
2042,Russia,2001,16380440
2043,San Marino,2001,60
2044,Serbia,2001,87460
2045,Slovakia,2001,48100
2046,Slovenia,2001,20140
2047,Sweden,2001,410340
2048,Turkey,2001,769630
2049,Ukraine,2001,579350
2050,Albania,2002,27400
2051,Andorra,2002,470
2052,Armenia,2002,28470
2053,Australia,2002,7682300
2054,Austria,2002,82580
2055,Azerbaijan,2002,82618
2056,Belgium,2002,30280
2057,Bulgaria,2002,108800
2058,Bosnia and Herzegovina,2002,51200
2059,Belarus,2002,202830
2060,Bolivia,2002,1083300
2061,Switzerland,2002,39522
2062,Cyprus,2002,9240
2063,Czech Republic,2002,77270
2064,Germany,2002,348860
2065,Denmark,2002,42430
2066,Spain,2002,499040
2067,Estonia,2002,42390
2068,France,2002,547567
2069,United Kingdom,2002,241930
2070,Georgia,2002,69490
2071,Greece,2002,128900
2072,Croatia,2002,55910
2073,Hungary,2002,89620
2074,Ireland,2002,68890
2075,Iceland,2002,100250
2076,Israel,2002,21640
2077,Italy,2002,294110
2078,Lithuania,2002,62680
2079,Luxembourg,2002,2430
2080,Latvia,2002,62196
2081,Morocco,2002,446300
2082,Monaco,2002,2.027
2083,Moldova,2002,32880
2084,North Macedonia,2002,25430
2085,Malta,2002,320
2086,Montenegro,2002,13450
2087,Netherlands,2002,33760
2088,Norway,2002,365244
2089,Poland,2002,306290
2090,Portugal,2002,91500
2091,Romania,2002,229870
2092,Russia,2002,16380940
2093,San Marino,2002,60
2094,Serbia,2002,87460
2095,Slovakia,2002,48100
2096,Slovenia,2002,20140
2097,Sweden,2002,410340
2098,Turkey,2002,769630
2099,Ukraine,2002,579340
2100,Albania,2003,27400
2101,Andorra,2003,470
2102,Armenia,2003,28470
2103,Australia,2003,7682300
2104,Austria,2003,82580
2105,Azerbaijan,2003,82652
2106,Belgium,2003,30280
2107,Bulgaria,2003,108770
2108,Bosnia and Herzegovina,2003,51200
2109,Belarus,2003,202830
2110,Bolivia,2003,1083300
2111,Switzerland,2003,39521
2112,Cyprus,2003,9240
2113,Czech Republic,2003,77270
2114,Germany,2003,348810
2115,Denmark,2003,42430
2116,Spain,2003,499210
2117,Estonia,2003,42390
2118,France,2003,547867
2119,United Kingdom,2003,241930
2120,Georgia,2003,69490
2121,Greece,2003,128900
2122,Croatia,2003,55910
2123,Hungary,2003,89620
2124,Ireland,2003,68890
2125,Iceland,2003,100250
2126,Israel,2003,21640
2127,Italy,2003,294140
2128,Lithuania,2003,62680
2129,Luxembourg,2003,2430
2130,Latvia,2003,62196
2131,Morocco,2003,446300
2132,Monaco,2003,2.027
2133,Moldova,2003,32870
2134,North Macedonia,2003,25430
2135,Malta,2003,320
2136,Montenegro,2003,13450
2137,Netherlands,2003,33760
2138,Norway,2003,365244
2139,Poland,2003,306240
2140,Portugal,2003,91500
2141,Romania,2003,229950
2142,Russia,2003,16380980
2143,San Marino,2003,60
2144,Serbia,2003,87460
2145,Slovakia,2003,48110
2146,Slovenia,2003,20140
2147,Sweden,2003,410340
2148,Turkey,2003,769630
2149,Ukraine,2003,579340
2150,Albania,2004,27400
2151,Andorra,2004,470
2152,Armenia,2004,28470
2153,Australia,2004,7682300
2154,Austria,2004,82580
2155,Azerbaijan,2004,82672
2156,Belgium,2004,30280
2157,Bulgaria,2004,108760
2158,Bosnia and Herzegovina,2004,51200
2159,Belarus,2004,202810
2160,Bolivia,2004,1083300
2161,Switzerland,2004,39520
2162,Cyprus,2004,9240
2163,Czech Republic,2004,77260
2164,Germany,2004,348770
2165,Denmark,2004,42430
2166,Spain,2004,499180
2167,Estonia,2004,42390
2168,France,2004,547567
2169,United Kingdom,2004,241930
2170,Georgia,2004,69490
2171,Greece,2004,128900
2172,Croatia,2004,55960
2173,Hungary,2004,89620
2174,Ireland,2004,68890
2175,Iceland,2004,100250
2176,Israel,2004,21640
2177,Italy,2004,294140
2178,Lithuania,2004,62680
2179,Luxembourg,2004,2430
2180,Latvia,2004,62196
2181,Morocco,2004,446300
2182,Monaco,2004,2.027
2183,Moldova,2004,32880
2184,North Macedonia,2004,25430
2185,Malta,2004,320
2186,Montenegro,2004,13450
2187,Netherlands,2004,33760
2188,Norway,2004,365244
2189,Poland,2004,306330
2190,Portugal,2004,91500
2191,Romania,2004,230000
2192,Russia,2004,16381230
2193,San Marino,2004,60
2194,Serbia,2004,87460
2195,Slovakia,2004,48100
2196,Slovenia,2004,20140
2197,Sweden,2004,410340
2198,Turkey,2004,769630
2199,Ukraine,2004,579340
2200,Albania,2005,27400
2201,Andorra,2005,470
2202,Armenia,2005,28470
2203,Australia,2005,7682300
2204,Austria,2005,82580
2205,Azerbaijan,2005,82660
2206,Belgium,2005,30280
2207,Bulgaria,2005,108640
2208,Bosnia and Herzegovina,2005,51200
2209,Belarus,2005,202830
2210,Bolivia,2005,1083300
2211,Switzerland,2005,39518
2212,Cyprus,2005,9240
2213,Czech Republic,2005,77260
2214,Germany,2005,348760
2215,Denmark,2005,42430
2216,Spain,2005,499090
2217,Estonia,2005,42390
2218,France,2005,547557
2219,United Kingdom,2005,241930
2220,Georgia,2005,69490
2221,Greece,2005,128900
2222,Croatia,2005,55960
2223,Hungary,2005,89610
2224,Ireland,2005,68890
2225,Iceland,2005,100250
2226,Israel,2005,21640
2227,Italy,2005,294140
2228,Lithuania,2005,62680
2229,Luxembourg,2005,2430
2230,Latvia,2005,62196
2231,Morocco,2005,446300
2232,Monaco,2005,2.027
2233,Moldova,2005,32890
2234,North Macedonia,2005,25430
2235,Malta,2005,320
2236,Montenegro,2005,13450
2237,Netherlands,2005,33760
2238,Norway,2005,365244
2239,Poland,2005,306330
2240,Portugal,2005,91470
2241,Romania,2005,229980
2242,Russia,2005,16381390
2243,San Marino,2005,60
2244,Serbia,2005,87460
2245,Slovakia,2005,48100
2246,Slovenia,2005,20140
2247,Sweden,2005,410340
2248,Turkey,2005,769630
2249,Ukraine,2005,579380
2250,Albania,2006,27400
2251,Andorra,2006,470
2252,Armenia,2006,28470
2253,Australia,2006,7682300
2254,Austria,2006,82580
2255,Azerbaijan,2006,82637
2256,Belgium,2006,30280
2257,Bulgaria,2006,108630
2258,Bosnia and Herzegovina,2006,51200
2259,Belarus,2006,202900
2260,Bolivia,2006,1083300
2261,Switzerland,2006,39517
2262,Cyprus,2006,9240
2263,Czech Republic,2006,77250
2264,Germany,2006,348720
2265,Denmark,2006,42430
2266,Spain,2006,498980
2267,Estonia,2006,42390
2268,France,2006,547557
2269,United Kingdom,2006,241930
2270,Georgia,2006,69490
2271,Greece,2006,128900
2272,Croatia,2006,55960
2273,Hungary,2006,89610
2274,Ireland,2006,68890
2275,Iceland,2006,100250
2276,Israel,2006,21640
2277,Italy,2006,294140
2278,Lithuania,2006,62680
2279,Luxembourg,2006,2430
2280,Latvia,2006,62196
2281,Morocco,2006,446300
2282,Monaco,2006,2.027
2283,Moldova,2006,32890
2284,North Macedonia,2006,25430
2285,Malta,2006,320
2286,Montenegro,2006,13450
2287,Netherlands,2006,33760
2288,Norway,2006,365244
2289,Poland,2006,306320
2290,Portugal,2006,91470
2291,Romania,2006,229980
2292,Russia,2006,16377740
2293,San Marino,2006,60
2294,Serbia,2006,87460
2295,Slovakia,2006,48100
2296,Slovenia,2006,20140
2297,Sweden,2006,410340
2298,Turkey,2006,769630
2299,Ukraine,2006,579360
2300,Albania,2007,27400
2301,Andorra,2007,470
2302,Armenia,2007,28470
2303,Australia,2007,7682300
2304,Austria,2007,82578
2305,Azerbaijan,2007,82629
2306,Belgium,2007,30280
2307,Bulgaria,2007,108610
2308,Bosnia and Herzegovina,2007,51200
2309,Belarus,2007,202900
2310,Bolivia,2007,1083300
2311,Switzerland,2007,39516
2312,Cyprus,2007,9240
2313,Czech Republic,2007,77250
2314,Germany,2007,348670
2315,Denmark,2007,42430
2316,Spain,2007,499110
2317,Estonia,2007,42390
2318,France,2007,547557
2319,United Kingdom,2007,241930
2320,Georgia,2007,69490
2321,Greece,2007,128900
2322,Croatia,2007,55960
2323,Hungary,2007,89610
2324,Ireland,2007,68890
2325,Iceland,2007,100250
2326,Israel,2007,21640
2327,Italy,2007,294140
2328,Lithuania,2007,62680
2329,Luxembourg,2007,2430
2330,Latvia,2007,62196
2331,Morocco,2007,446300
2332,Monaco,2007,2.027
2333,Moldova,2007,32890
2334,North Macedonia,2007,25230
2335,Malta,2007,320
2336,Montenegro,2007,13450
2337,Netherlands,2007,33760
2338,Norway,2007,365244
2339,Poland,2007,306320
2340,Portugal,2007,91470
2341,Romania,2007,229890
2342,Russia,2007,16377740
2343,San Marino,2007,60
2344,Serbia,2007,87460
2345,Slovakia,2007,48100
2346,Slovenia,2007,20140
2347,Sweden,2007,410340
2348,Turkey,2007,769630
2349,Ukraine,2007,579330
2350,Albania,2008,27400
2351,Andorra,2008,470
2352,Armenia,2008,28470
2353,Australia,2008,7682300
2354,Austria,2008,82578
2355,Azerbaijan,2008,82627
2356,Belgium,2008,30280
2357,Bulgaria,2008,108610
2358,Bosnia and Herzegovina,2008,51200
2359,Belarus,2008,202900
2360,Bolivia,2008,1083300
2361,Switzerland,2008,39516
2362,Cyprus,2008,9240
2363,Czech Republic,2008,77250
2364,Germany,2008,348630
2365,Denmark,2008,42430
2366,Spain,2008,498800
2367,Estonia,2008,42390
2368,France,2008,547557
2369,United Kingdom,2008,241930
2370,Georgia,2008,69490
2371,Greece,2008,128900
2372,Croatia,2008,55960
2373,Hungary,2008,89610
2374,Ireland,2008,68890
2375,Iceland,2008,100250
2376,Israel,2008,21640
2377,Italy,2008,294140
2378,Lithuania,2008,62675
2379,Luxembourg,2008,2430
2380,Latvia,2008,62196
2381,Morocco,2008,446300
2382,Monaco,2008,2.027
2383,Moldova,2008,32890
2384,North Macedonia,2008,25230
2385,Malta,2008,320
2386,Montenegro,2008,13450
2387,Netherlands,2008,33760
2388,Norway,2008,365244
2389,Poland,2008,306300
2390,Portugal,2008,91470
2391,Romania,2008,229900
2392,Russia,2008,16376870
2393,San Marino,2008,60
2394,Serbia,2008,87460
2395,Slovakia,2008,48100
2396,Slovenia,2008,20146.2
2397,Sweden,2008,410340
2398,Turkey,2008,769630
2399,Ukraine,2008,579320
2400,Albania,2009,27400
2401,Andorra,2009,470
2402,Armenia,2009,28470
2403,Australia,2009,7682300
2404,Austria,2009,82578
2405,Azerbaijan,2009,82622
2406,Belgium,2009,30280
2407,Bulgaria,2009,108560
2408,Bosnia and Herzegovina,2009,51200
2409,Belarus,2009,202820
2410,Bolivia,2009,1083300
2411,Switzerland,2009,39516
2412,Cyprus,2009,9240
2413,Czech Republic,2009,77250
2414,Germany,2009,348610
2415,Denmark,2009,42430
2416,Spain,2009,498660
2417,Estonia,2009,42390
2418,France,2009,547557
2419,United Kingdom,2009,241930
2420,Georgia,2009,69490
2421,Greece,2009,128900
2422,Croatia,2009,55960
2423,Hungary,2009,90530
2424,Ireland,2009,68890
2425,Iceland,2009,100250
2426,Israel,2009,21640
2427,Italy,2009,294140
2428,Lithuania,2009,62675
2429,Luxembourg,2009,2430
2430,Latvia,2009,62180
2431,Morocco,2009,446300
2432,Monaco,2009,2.027
2433,Moldova,2009,32890
2434,North Macedonia,2009,25220
2435,Malta,2009,320
2436,Montenegro,2009,13450
2437,Netherlands,2009,33730
2438,Norway,2009,365244
2439,Poland,2009,306280
2440,Portugal,2009,91590
2441,Romania,2009,230060
2442,Russia,2009,16376870
2443,San Marino,2009,60
2444,Serbia,2009,87460
2445,Slovakia,2009,48090
2446,Slovenia,2009,20145.8
2447,Sweden,2009,410340
2448,Turkey,2009,769630
2449,Ukraine,2009,579320
2450,Albania,2010,27400
2451,Andorra,2010,470
2452,Armenia,2010,28470
2453,Australia,2010,7682300
2454,Austria,2010,82571
2455,Azerbaijan,2010,82656
2456,Belgium,2010,30280
2457,Bulgaria,2010,108560
2458,Bosnia and Herzegovina,2010,51200
2459,Belarus,2010,202900
2460,Bolivia,2010,1083300
2461,Switzerland,2010,39516
2462,Cyprus,2010,9240
2463,Czech Republic,2010,77240
2464,Germany,2010,348570
2465,Denmark,2010,42430
2466,Spain,2010,500010
2467,Estonia,2010,42390
2468,France,2010,547557
2469,United Kingdom,2010,241930
2470,Georgia,2010,69490
2471,Greece,2010,128900
2472,Croatia,2010,55960
2473,Hungary,2010,90530
2474,Ireland,2010,68890
2475,Iceland,2010,100250
2476,Israel,2010,21640
2477,Italy,2010,294140
2478,Lithuania,2010,62675
2479,Luxembourg,2010,2430
2480,Latvia,2010,62240
2481,Morocco,2010,446300
2482,Monaco,2010,2.027
2483,Moldova,2010,32850
2484,North Macedonia,2010,25220
2485,Malta,2010,320
2486,Montenegro,2010,13450
2487,Netherlands,2010,33730
2488,Norway,2010,365244
2489,Poland,2010,306280
2490,Portugal,2010,91590
2491,Romania,2010,230050
2492,Russia,2010,16376870
2493,San Marino,2010,60
2494,Serbia,2010,87460
2495,Slovakia,2010,48091
2496,Slovenia,2010,20146.2
2497,Sweden,2010,410340
2498,Turkey,2010,769630
2499,Ukraine,2010,579320
2500,Albania,2011,27400
2501,Andorra,2011,470
2502,Armenia,2011,28470
2503,Australia,2011,7682300
2504,Austria,2011,82561
2505,Azerbaijan,2011,82658
2506,Belgium,2011,30280
2507,Bulgaria,2011,108560
2508,Bosnia and Herzegovina,2011,51200
2509,Belarus,2011,202910
2510,Bolivia,2011,1083300
2511,Switzerland,2011,39516
2512,Cyprus,2011,9240
2513,Czech Republic,2011,77240
2514,Germany,2011,348560
2515,Denmark,2011,42430
2516,Spain,2011,499880
2517,Estonia,2011,42390
2518,France,2011,547557
2519,United Kingdom,2011,241930
2520,Georgia,2011,69490
2521,Greece,2011,128900
2522,Croatia,2011,55960
2523,Hungary,2011,90530
2524,Ireland,2011,68890
2525,Iceland,2011,100250
2526,Israel,2011,21640
2527,Italy,2011,294140
2528,Lithuania,2011,62674
2529,Luxembourg,2011,2430
2530,Latvia,2011,62200
2531,Morocco,2011,446300
2532,Monaco,2011,2.027
2533,Moldova,2011,32850
2534,North Macedonia,2011,25220
2535,Malta,2011,320
2536,Montenegro,2011,13450
2537,Netherlands,2011,33720
2538,Norway,2011,365244
2539,Poland,2011,306230
2540,Portugal,2011,91590
2541,Romania,2011,230170
2542,Russia,2011,16376870
2543,San Marino,2011,60
2544,Serbia,2011,87460
2545,Slovakia,2011,48088
2546,Slovenia,2011,20146
2547,Sweden,2011,410340
2548,Turkey,2011,769630
2549,Ukraine,2011,579320
2550,Albania,2012,27400
2551,Andorra,2012,470
2552,Armenia,2012,28470
2553,Australia,2012,7682300
2554,Austria,2012,82554
2555,Azerbaijan,2012,82658
2556,Belgium,2012,30280
2557,Bulgaria,2012,108560
2558,Bosnia and Herzegovina,2012,51200
2559,Belarus,2012,202910
2560,Bolivia,2012,1083300
2561,Switzerland,2012,39516
2562,Cyprus,2012,9240
2563,Czech Republic,2012,77230
2564,Germany,2012,348540
2565,Denmark,2012,40000
2566,Spain,2012,500210
2567,Estonia,2012,42390
2568,France,2012,547557
2569,United Kingdom,2012,241930
2570,Georgia,2012,69490
2571,Greece,2012,128900
2572,Croatia,2012,55960
2573,Hungary,2012,90530
2574,Ireland,2012,68890
2575,Iceland,2012,100250
2576,Israel,2012,21640
2577,Italy,2012,294140
2578,Lithuania,2012,62674
2579,Luxembourg,2012,2430
2580,Latvia,2012,62180
2581,Morocco,2012,446300
2582,Monaco,2012,2.027
2583,Moldova,2012,32860
2584,North Macedonia,2012,25220
2585,Malta,2012,320
2586,Montenegro,2012,13450
2587,Netherlands,2012,33720
2588,Norway,2012,365244
2589,Poland,2012,306220
2590,Portugal,2012,91590
2591,Romania,2012,230020
2592,Russia,2012,16376870
2593,San Marino,2012,60
2594,Serbia,2012,87460
2595,Slovakia,2012,48088
2596,Slovenia,2012,20145.7
2597,Sweden,2012,407340
2598,Turkey,2012,769630
2599,Ukraine,2012,579320
2600,Albania,2013,27400
2601,Andorra,2013,470
2602,Armenia,2013,28470
2603,Australia,2013,7682300
2604,Austria,2013,82531
2605,Azerbaijan,2013,82659
2606,Belgium,2013,30280
2607,Bulgaria,2013,108560
2608,Bosnia and Herzegovina,2013,51200
2609,Belarus,2013,202908
2610,Bolivia,2013,1083300
2611,Switzerland,2013,39516
2612,Cyprus,2013,9240
2613,Czech Republic,2013,77220
2614,Germany,2013,348880
2615,Denmark,2013,40000
2616,Spain,2013,500210
2617,Estonia,2013,43470
2618,France,2013,547557
2619,United Kingdom,2013,241930
2620,Georgia,2013,69490
2621,Greece,2013,128900
2622,Croatia,2013,55960
2623,Hungary,2013,90530
2624,Ireland,2013,68890
2625,Iceland,2013,100250
2626,Israel,2013,21640
2627,Italy,2013,294140
2628,Lithuania,2013,62675
2629,Luxembourg,2013,2430
2630,Latvia,2013,62190
2631,Morocco,2013,446300
2632,Monaco,2013,2.027
2633,Moldova,2013,32880
2634,North Macedonia,2013,25220
2635,Malta,2013,320
2636,Montenegro,2013,13450
2637,Netherlands,2013,33690
2638,Norway,2013,365122.96
2639,Poland,2013,306210
2640,Portugal,2013,91605.2
2641,Romania,2013,230030
2642,Russia,2013,16376870
2643,San Marino,2013,60
2644,Serbia,2013,87460
2645,Slovakia,2013,48088
2646,Slovenia,2013,20140
2647,Sweden,2013,407340
2648,Turkey,2013,769630
2649,Ukraine,2013,579320
2650,Albania,2014,27400
2651,Andorra,2014,470
2652,Armenia,2014,28470
2653,Australia,2014,7682300
2654,Austria,2014,82523
2655,Azerbaijan,2014,82663
2656,Belgium,2014,30280
2657,Bulgaria,2014,108560
2658,Bosnia and Herzegovina,2014,51200
2659,Belarus,2014,202973
2660,Bolivia,2014,1083300
2661,Switzerland,2014,39516
2662,Cyprus,2014,9240
2663,Czech Republic,2014,77220
2664,Germany,2014,348900
2665,Denmark,2014,40000
2666,Spain,2014,500210
2667,Estonia,2014,43470
2668,France,2014,547557
2669,United Kingdom,2014,241930
2670,Georgia,2014,69490
2671,Greece,2014,128900
2672,Croatia,2014,56590
2673,Hungary,2014,91260
2674,Ireland,2014,68890
2675,Iceland,2014,100250
2676,Israel,2014,21640
2677,Italy,2014,294140
2678,Lithuania,2014,62650
2679,Luxembourg,2014,2430
2680,Latvia,2014,62140
2681,Morocco,2014,446300
2682,Monaco,2014,2.027
2683,Moldova,2014,32880
2684,North Macedonia,2014,25220
2685,Malta,2014,320
2686,Montenegro,2014,13450
2687,Netherlands,2014,33690
2688,Norway,2014,365108
2689,Poland,2014,306190
2690,Portugal,2014,91605.6
2691,Romania,2014,230080
2692,Russia,2014,16376870
2693,San Marino,2014,60
2694,Serbia,2014,87460
2695,Slovakia,2014,48080
2696,Slovenia,2014,20140
2697,Sweden,2014,407310
2698,Turkey,2014,769630
2699,Ukraine,2014,579290
2700,Albania,2015,27400
2701,Andorra,2015,470
2702,Armenia,2015,28470
2703,Australia,2015,7682300
2704,Austria,2015,82520
2705,Azerbaijan,2015,82663
2706,Belgium,2015,30280
2707,Bulgaria,2015,108560
2708,Bosnia and Herzegovina,2015,51200
2709,Belarus,2015,202978
2710,Bolivia,2015,1083300
2711,Switzerland,2015,39516.03
2712,Cyprus,2015,9240
2713,Czech Republic,2015,77210
2714,Germany,2015,348860
2715,Denmark,2015,40000
2716,Spain,2015,499661
2717,Estonia,2015,43470
2718,France,2015,547557
2719,United Kingdom,2015,241930
2720,Georgia,2015,69490
2721,Greece,2015,128900
2722,Croatia,2015,56590
2723,Hungary,2015,91260
2724,Ireland,2015,68890
2725,Iceland,2015,100250
2726,Israel,2015,21640
2727,Italy,2015,294140
2728,Lithuania,2015,62650
2729,Luxembourg,2015,2430
2730,Latvia,2015,62130
2731,Morocco,2015,446300
2732,Monaco,2015,2.027
2733,Moldova,2015,32880
2734,North Macedonia,2015,25220
2735,Malta,2015,320
2736,Montenegro,2015,13450
2737,Netherlands,2015,33670
2738,Norway,2015,365190.7
2739,Poland,2015,306190
2740,Portugal,2015,91605.6
2741,Romania,2015,230080
2742,Russia,2015,16376870
2743,San Marino,2015,60
2744,Serbia,2015,87460
2745,Slovakia,2015,48082
2746,Slovenia,2015,20142.6
2747,Sweden,2015,407310
2748,Turkey,2015,769630
2749,Ukraine,2015,579290
2750,Albania,2016,27400
2751,Andorra,2016,470
2752,Armenia,2016,28470
2753,Australia,2016,7692020
2754,Austria,2016,82520
2755,Azerbaijan,2016,82670
2756,Belgium,2016,30280
2757,Bulgaria,2016,108560
2758,Bosnia and Herzegovina,2016,51200
2759,Belarus,2016,202988
2760,Bolivia,2016,1083300
2761,Switzerland,2016,39516.03
2762,Cyprus,2016,9240
2763,Czech Republic,2016,77220
2764,Germany,2016,349360
2765,Denmark,2016,40000
2766,Spain,2016,499564
2767,Estonia,2016,43470
2768,France,2016,547557
2769,United Kingdom,2016,241930
2770,Georgia,2016,69490
2771,Greece,2016,128900
2772,Croatia,2016,56590
2773,Hungary,2016,91260
2774,Ireland,2016,68890
2775,Iceland,2016,100250
2776,Israel,2016,21640
2777,Italy,2016,294140
2778,Lithuania,2016,62642
2779,Luxembourg,2016,2430
2780,Latvia,2016,62120
2781,Morocco,2016,446300
2782,Monaco,2016,2.027
2783,Moldova,2016,32880
2784,North Macedonia,2016,25220
2785,Malta,2016,320
2786,Montenegro,2016,13450
2787,Netherlands,2016,33670
2788,Norway,2016,365145.73
2789,Poland,2016,306190
2790,Portugal,2016,91605.6
2791,Romania,2016,230080
2792,Russia,2016,16376870
2793,San Marino,2016,60
2794,Serbia,2016,87460
2795,Slovakia,2016,48080
2796,Slovenia,2016,20142
2797,Sweden,2016,407310
2798,Turkey,2016,769630
2799,Ukraine,2016,579290
2800,Albania,2017,27400
2801,Andorra,2017,470
2802,Armenia,2017,28470
2803,Australia,2017,7692020
2804,Austria,2017,82520
2805,Azerbaijan,2017,82662
2806,Belgium,2017,30280
2807,Bulgaria,2017,108560
2808,Bosnia and Herzegovina,2017,51200
2809,Belarus,2017,202990
2810,Bolivia,2017,1083300
2811,Switzerland,2017,39516.03
2812,Cyprus,2017,9240
2813,Czech Republic,2017,77210
2814,Germany,2017,349370
2815,Denmark,2017,40000
2816,Spain,2017,499547.35
2817,Estonia,2017,43470
2818,France,2017,547557
2819,United Kingdom,2017,241930
2820,Georgia,2017,69490
2821,Greece,2017,128900
2822,Croatia,2017,56590
2823,Hungary,2017,91260
2824,Ireland,2017,68890
2825,Iceland,2017,100250
2826,Israel,2017,21640
2827,Italy,2017,294140
2828,Lithuania,2017,62641
2829,Luxembourg,2017,2430
2830,Latvia,2017,62110
2831,Morocco,2017,446300
2832,Monaco,2017,2.027
2833,Moldova,2017,32890
2834,North Macedonia,2017,25220
2835,Malta,2017,320
2836,Montenegro,2017,13450
2837,Netherlands,2017,33670
2838,Norway,2017,365122.96
2839,Poland,2017,306190
2840,Portugal,2017,91605.6
2841,Romania,2017,230080
2842,Russia,2017,16376870
2843,San Marino,2017,60
2844,Serbia,2017,87460
2845,Slovakia,2017,48080
2846,Slovenia,2017,20138.1
2847,Sweden,2017,407310
2848,Turkey,2017,769630
2849,Ukraine,2017,579300
2850,Albania,2018,27400
2851,Andorra,2018,470
2852,Armenia,2018,28470
2853,Australia,2018,7692020
2854,Austria,2018,82520
2855,Azerbaijan,2018,82654
2856,Belgium,2018,30280
2857,Bulgaria,2018,108560
2858,Bosnia and Herzegovina,2018,51200
2859,Belarus,2018,202980
2860,Bolivia,2018,1083300
2861,Switzerland,2018,39516.03
2862,Cyprus,2018,9240
2863,Czech Republic,2018,77200
2864,Germany,2018,349380
2865,Denmark,2018,40000
2866,Spain,2018,499603.479
2867,Estonia,2018,43470
2868,France,2018,547557
2869,United Kingdom,2018,241930
2870,Georgia,2018,69490
2871,Greece,2018,128900
2872,Croatia,2018,56590
2873,Hungary,2018,91260
2874,Ireland,2018,68890
2875,Iceland,2018,100830
2876,Israel,2018,21640
2877,Italy,2018,297730
2878,Lithuania,2018,62630
2879,Luxembourg,2018,2430
2880,Latvia,2018,62090
2881,Morocco,2018,446300
2882,Monaco,2018,2.027
2883,Moldova,2018,32885.3
2884,North Macedonia,2018,25220
2885,Malta,2018,320
2886,Montenegro,2018,13450
2887,Netherlands,2018,33670
2888,Norway,2018,365107.85
2889,Poland,2018,306170
2890,Portugal,2018,91605.6
2891,Romania,2018,230080
2892,Russia,2018,16376870
2893,San Marino,2018,60
2894,Serbia,2018,87460
2895,Slovakia,2018,48080
2896,Slovenia,2018,20136.4
2897,Sweden,2018,407310
2898,Turkey,2018,769630
2899,Ukraine,2018,579400
2900,Albania,2019,27400
2901,Andorra,2019,470
2902,Armenia,2019,28470
2903,Australia,2019,7692020
2904,Austria,2019,82520
2905,Azerbaijan,2019,82654
2906,Belgium,2019,30280
2907,Bulgaria,2019,108560
2908,Bosnia and Herzegovina,2019,51200
2909,Belarus,2019,202980
2910,Bolivia,2019,1083300
2911,Switzerland,2019,39516.03
2912,Cyprus,2019,9240
2913,Czech Republic,2019,77200
2914,Germany,2019,349380
2915,Denmark,2019,40000
2916,Spain,2019,499603.479
2917,Estonia,2019,43470
2918,France,2019,547557
2919,United Kingdom,2019,241930
2920,Georgia,2019,69490
2921,Greece,2019,128900
2922,Croatia,2019,56590
2923,Hungary,2019,91260
2924,Ireland,2019,68890
2925,Iceland,2019,100830
2926,Israel,2019,21640
2927,Italy,2019,297730
2928,Lithuania,2019,62630
2929,Luxembourg,2019,2430
2930,Latvia,2019,62090
2931,Morocco,2019,446300
2932,Monaco,2019,2.027
2933,Moldova,2019,32885.3
2934,North Macedonia,2019,25220
2935,Malta,2019,320
2936,Montenegro,2019,13450
2937,Netherlands,2019,33670
2938,Norway,2019,365107.85
2939,Poland,2019,306170
2940,Portugal,2019,91605.6
2941,Romania,2019,230080
2942,Russia,2019,16376870
2943,San Marino,2019,60
2944,Serbia,2019,87460
2945,Slovakia,2019,48080
2946,Slovenia,2019,20136.4
2947,Sweden,2019,407310
2948,Turkey,2019,769630
2949,Ukraine,2019,579400
2950,Albania,2020,27400
2951,Andorra,2020,470
2952,Armenia,2020,28470
2953,Australia,2020,7692020
2954,Austria,2020,82520
2955,Azerbaijan,2020,82654
2956,Belgium,2020,30280
2957,Bulgaria,2020,108560
2958,Bosnia and Herzegovina,2020,51200
2959,Belarus,2020,202980
2960,Bolivia,2020,1083300
2961,Switzerland,2020,39516.03
2962,Cyprus,2020,9240
2963,Czech Republic,2020,77200
2964,Germany,2020,349380
2965,Denmark,2020,40000
2966,Spain,2020,499603.479
2967,Estonia,2020,43470
2968,France,2020,547557
2969,United Kingdom,2020,241930
2970,Georgia,2020,69490
2971,Greece,2020,128900
2972,Croatia,2020,56590
2973,Hungary,2020,91260
2974,Ireland,2020,68890
2975,Iceland,2020,100830
2976,Israel,2020,21640
2977,Italy,2020,297730
2978,Lithuania,2020,62630
2979,Luxembourg,2020,2430
2980,Latvia,2020,62090
2981,Morocco,2020,446300
2982,Monaco,2020,2.027
2983,Moldova,2020,32885.3
2984,North Macedonia,2020,25220
2985,Malta,2020,320
2986,Montenegro,2020,13450
2987,Netherlands,2020,33670
2988,Norway,2020,365107.85
2989,Poland,2020,306170
2990,Portugal,2020,91605.6
2991,Romania,2020,230080
2992,Russia,2020,16376870
2993,San Marino,2020,60
2994,Serbia,2020,87460
2995,Slovakia,2020,48080
2996,Slovenia,2020,20136.4
2997,Sweden,2020,407310
2998,Turkey,2020,769630
2999,Ukraine,2020,579400
3000,Albania,2021,27400
3001,Andorra,2021,470
3002,Armenia,2021,28470
3003,Australia,2021,7692020
3004,Austria,2021,82520
3005,Azerbaijan,2021,82654
3006,Belgium,2021,30280
3007,Bulgaria,2021,108560
3008,Bosnia and Herzegovina,2021,51200
3009,Belarus,2021,202980
3010,Bolivia,2021,1083300
3011,Switzerland,2021,39516.03
3012,Cyprus,2021,9240
3013,Czech Republic,2021,77200
3014,Germany,2021,349380
3015,Denmark,2021,40000
3016,Spain,2021,499603.479
3017,Estonia,2021,43470
3018,France,2021,547557
3019,United Kingdom,2021,241930
3020,Georgia,2021,69490
3021,Greece,2021,128900
3022,Croatia,2021,56590
3023,Hungary,2021,91260
3024,Ireland,2021,68890
3025,Iceland,2021,100830
3026,Israel,2021,21640
3027,Italy,2021,297730
3028,Lithuania,2021,62630
3029,Luxembourg,2021,2430
3030,Latvia,2021,62090
3031,Morocco,2021,446300
3032,Monaco,2021,2.027
3033,Moldova,2021,32885.3
3034,North Macedonia,2021,25220
3035,Malta,2021,320
3036,Montenegro,2021,13450
3037,Netherlands,2021,33670
3038,Norway,2021,365107.85
3039,Poland,2021,306170
3040,Portugal,2021,91605.6
3041,Romania,2021,230080
3042,Russia,2021,16376870
3043,San Marino,2021,60
3044,Serbia,2021,87460
3045,Slovakia,2021,48080
3046,Slovenia,2021,20136.4
3047,Sweden,2021,407310
3048,Turkey,2021,769630
3049,Ukraine,2021,579400
