,TIME,variable,value
0,Belgium,1990,
1,Bulgaria,1990,2143579
2,Czechia,1990,
3,Denmark,1990,
4,Germany,1990,17023213
5,Estonia,1990,
6,Ireland,1990,
7,Greece,1990,
8,Spain,1990,12937452
9,France,1990,32542006
10,Croatia,1990,
11,Italy,1990,20862965
12,Cyprus,1990,
13,Latvia,1990,
14,Lithuania,1990,
15,Luxembourg,1990,820476
16,Hungary,1990,
17,Malta,1990,
18,Netherlands,1990,5795000
19,Austria,1990,15744307
20,Poland,1990,
21,Portugal,1990,4434728
22,Romania,1990,1431661
23,Slovenia,1990,
24,Slovakia,1990,822238
25,Finland,1990,
26,Sweden,1990,1988374
27,Iceland,1990,
28,Liechtenstein,1990,85153
29,Norway,1990,
30,Switzerland,1990,10521446
31,United Kingdom,1990,14230932
32,Montenegro,1990,
33,North Macedonia,1990,428053
34,Serbia,1990,
35,Turkey,1990,
36,Belgium,1991,
37,Bulgaria,1991,757062
38,Czechia,1991,
39,Denmark,1991,
40,Germany,1991,15647617
41,Estonia,1991,
42,Ireland,1991,
43,Greece,1991,
44,Spain,1991,12783140
45,France,1991,32479272
46,Croatia,1991,
47,Italy,1991,20241217
48,Cyprus,1991,
49,Latvia,1991,
50,Lithuania,1991,
51,Luxembourg,1991,824559
52,Hungary,1991,
53,Malta,1991,
54,Netherlands,1991,5841900
55,Austria,1991,15504457
56,Poland,1991,2756969
57,Portugal,1991,4769090
58,Romania,1991,28657837
59,Slovenia,1991,
60,Slovakia,1991,622505
61,Finland,1991,
62,Sweden,1991,1827710
63,Iceland,1991,
64,Liechtenstein,1991,
65,Norway,1991,
66,Switzerland,1991,10111086
67,United Kingdom,1991,13493466
68,Montenegro,1991,
69,North Macedonia,1991,240191
70,Serbia,1991,
71,Turkey,1991,
72,Belgium,1992,5204440
73,Bulgaria,1992,1056034
74,Czechia,1992,
75,Denmark,1992,
76,Germany,1992,15913214
77,Estonia,1992,
78,Ireland,1992,
79,Greece,1992,
80,Spain,1992,13230990
81,France,1992,35704397
82,Croatia,1992,
83,Italy,1992,20424982
84,Cyprus,1992,
85,Latvia,1992,
86,Lithuania,1992,
87,Luxembourg,1992,759496
88,Hungary,1992,
89,Malta,1992,
90,Netherlands,1992,6049100
91,Austria,1992,15536013
92,Poland,1992,3303757
93,Portugal,1992,4344547
94,Romania,1992,1184757
95,Slovenia,1992,594917
96,Slovakia,1992,479969
97,Finland,1992,
98,Sweden,1992,1808643
99,Iceland,1992,
100,Liechtenstein,1992,
101,Norway,1992,
102,Switzerland,1992,10264793
103,United Kingdom,1992,14605657
104,Montenegro,1992,
105,North Macedonia,1992,173336
106,Serbia,1992,
107,Turkey,1992,
108,Belgium,1993,
109,Bulgaria,1993,1123281
110,Czechia,1993,
111,Denmark,1993,
112,Germany,1993,14347703
113,Estonia,1993,
114,Ireland,1993,
115,Greece,1993,
116,Spain,1993,13949083
117,France,1993,33996492
118,Croatia,1993,1575173
119,Italy,1993,21025353
120,Cyprus,1993,
121,Latvia,1993,
122,Lithuania,1993,
123,Luxembourg,1993,791344
124,Hungary,1993,
125,Malta,1993,
126,Netherlands,1993,5756700
127,Austria,1993,14751561
128,Poland,1993,3326358
129,Portugal,1993,3961743
130,Romania,1993,848436
131,Slovenia,1993,600890
132,Slovakia,1993,652815
133,Finland,1993,1678725
134,Sweden,1993,1877296
135,Iceland,1993,
136,Liechtenstein,1993,
137,Norway,1993,
138,Switzerland,1993,9901324
139,United Kingdom,1993,15558984
140,Montenegro,1993,
141,North Macedonia,1993,172082
142,Serbia,1993,
143,Turkey,1993,
144,Belgium,1994,5308942
145,Bulgaria,1994,978998
146,Czechia,1994,2972371
147,Denmark,1994,
148,Germany,1994,14493812
149,Estonia,1994,
150,Ireland,1994,
151,Greece,1994,6929895
152,Spain,1994,16426085
153,France,1994,35592516
154,Croatia,1994,2299813
155,Italy,1994,24663870
156,Cyprus,1994,
157,Latvia,1994,
158,Lithuania,1994,210119
159,Luxembourg,1994,761822
160,Hungary,1994,2944214
161,Malta,1994,903203
162,Netherlands,1994,6178000
163,Austria,1994,14553348
164,Poland,1994,3489195
165,Portugal,1994,4389299
166,Romania,1994,2758400
167,Slovenia,1994,726585
168,Slovakia,1994,901812
169,Finland,1994,1867760
170,Sweden,1994,2109381
171,Iceland,1994,
172,Liechtenstein,1994,
173,Norway,1994,
174,Switzerland,1994,7373013
175,United Kingdom,1994,16427318
176,Montenegro,1994,
177,North Macedonia,1994,
178,Serbia,1994,
179,Turkey,1994,
180,Belgium,1995,5559926
181,Bulgaria,1995,818696
182,Czechia,1995,3369125
183,Denmark,1995,
184,Germany,1995,14836203
185,Estonia,1995,
186,Ireland,1995,
187,Greece,1995,6480579
188,Spain,1995,17451921
189,France,1995,34512037
190,Croatia,1995,1412963
191,Italy,1995,27581077
192,Cyprus,1995,
193,Latvia,1995,184783
194,Lithuania,1995,193433
195,Luxembourg,1995,761482
196,Hungary,1995,2877592
197,Malta,1995,865968
198,Netherlands,1995,6574000
199,Austria,1995,14044731
200,Poland,1995,3702440
201,Portugal,1995,4572237
202,Romania,1995,765815
203,Slovenia,1995,709399
204,Slovakia,1995,894654
205,Finland,1995,1779204
206,Sweden,1995,
207,Iceland,1995,
208,Liechtenstein,1995,74762
209,Norway,1995,
210,Switzerland,1995,6960877
211,United Kingdom,1995,19052257
212,Montenegro,1995,
213,North Macedonia,1995,131939
214,Serbia,1995,
215,Turkey,1995,
216,Belgium,1996,5829267
217,Bulgaria,1996,775258
218,Czechia,1996,4428451
219,Denmark,1996,2124575
220,Germany,1996,15194117
221,Estonia,1996,
222,Ireland,1996,
223,Greece,1996,6216312
224,Spain,1996,18134346
225,France,1996,
226,Croatia,1996,2601081
227,Italy,1996,29324237
228,Cyprus,1996,
229,Latvia,1996,188269
230,Lithuania,1996,232412
231,Luxembourg,1996,717618
232,Hungary,1996,2978772
233,Malta,1996,842510
234,Netherlands,1996,6581000
235,Austria,1996,14113112
236,Poland,1996,3832668
237,Portugal,1996,4566705
238,Romania,1996,762383
239,Slovenia,1996,806082
240,Slovakia,1996,941089
241,Finland,1996,1724109
242,Sweden,1996,3568403
243,Iceland,1996,456216
244,Liechtenstein,1996,71075
245,Norway,1996,
246,Switzerland,1996,6744099
247,United Kingdom,1996,18923909
248,Montenegro,1996,
249,North Macedonia,1996,123441
250,Serbia,1996,
251,Turkey,1996,
252,Belgium,1997,6037031
253,Bulgaria,1997,680755
254,Czechia,1997,4825302
255,Denmark,1997,2157665
256,Germany,1997,15825371
257,Estonia,1997,
258,Ireland,1997,
259,Greece,1997,7041480
260,Spain,1997,19534596
261,France,1997,
262,Croatia,1997,3507666
263,Italy,1997,29963670
264,Cyprus,1997,
265,Latvia,1997,219939
266,Lithuania,1997,270923
267,Luxembourg,1997,773014
268,Hungary,1997,2887264
269,Malta,1997,913237
270,Netherlands,1997,7844000
271,Austria,1997,13848599
272,Poland,1997,3628264
273,Portugal,1997,4798356
274,Romania,1997,832775
275,Slovenia,1997,945172
276,Slovakia,1997,804732
277,Finland,1997,1831500
278,Sweden,1997,3468305
279,Iceland,1997,496723
280,Liechtenstein,1997,62799
281,Norway,1997,
282,Switzerland,1997,7053014
283,United Kingdom,1997,19200253
284,Montenegro,1997,
285,North Macedonia,1997,116850
286,Serbia,1997,
287,Turkey,1997,
288,Belgium,1998,6179254
289,Bulgaria,1998,699424
290,Czechia,1998,5281064
291,Denmark,1998,2072031
292,Germany,1998,16498127
293,Estonia,1998,
294,Ireland,1998,3541000
295,Greece,1998,7533186
296,Spain,1998,21639195
297,France,1998,36621398
298,Croatia,1998,3770085
299,Italy,1998,30941982
300,Cyprus,1998,
301,Latvia,1998,238835
302,Lithuania,1998,289442
303,Luxembourg,1998,784974
304,Hungary,1998,3112749
305,Malta,1998,982049
306,Netherlands,1998,9320000
307,Austria,1998,14675620
308,Poland,1998,3338462
309,Portugal,1998,5539313
310,Romania,1998,809913
311,Slovenia,1998,946284
312,Slovakia,1998,885742
313,Finland,1998,1866842
314,Sweden,1998,2572920
315,Iceland,1998,565263
316,Liechtenstein,1998,72439
317,Norway,1998,4485615
318,Switzerland,1998,7198716
319,United Kingdom,1998,18252000
320,Montenegro,1998,
321,North Macedonia,1998,149015
322,Serbia,1998,
323,Turkey,1998,
324,Belgium,1999,6369030
325,Bulgaria,1999,589905
326,Czechia,1999,5307702
327,Denmark,1999,2023056
328,Germany,1999,17102995
329,Estonia,1999,
330,Ireland,1999,3896000
331,Greece,1999,7409755
332,Spain,1999,28512625
333,France,1999,39366265
334,Croatia,1999,3222581
335,Italy,1999,31845086
336,Cyprus,1999,
337,Latvia,1999,240799
338,Lithuania,1999,270811
339,Luxembourg,1999,859224
340,Hungary,1999,3010576
341,Malta,1999,1014892
342,Netherlands,1999,9882000
343,Austria,1999,14742491
344,Poland,1999,2493501
345,Portugal,1999,5378526
346,Romania,1999,795112
347,Slovenia,1999,858819
348,Slovakia,1999,967963
349,Finland,1999,1830560
350,Sweden,1999,2594858
351,Iceland,1999,601262
352,Liechtenstein,1999,71430
353,Norway,1999,4543324
354,Switzerland,1999,7166830
355,United Kingdom,1999,19005000
356,Montenegro,1999,
357,North Macedonia,1999,176866
358,Serbia,1999,
359,Turkey,1999,
360,Belgium,2000,6457325
361,Bulgaria,2000,750555
362,Czechia,2000,4772794
363,Denmark,2000,2069668
364,Germany,2000,18938847
365,Estonia,2000,
366,Ireland,2000,10621000
367,Greece,2000,8011959
368,Spain,2000,36887492
369,France,2000,41921849
370,Croatia,2000,4749367
371,Italy,2000,35107475
372,Cyprus,2000,2237898
373,Latvia,2000,268083
374,Lithuania,2000,276020
375,Luxembourg,2000,848354
376,Hungary,2000,3213984
377,Malta,2000,964742
378,Netherlands,2000,10002000
379,Austria,2000,15254299
380,Poland,2000,3117146
381,Portugal,2000,5599127
382,Romania,2000,867023
383,Slovenia,2000,1037181
384,Slovakia,2000,1045614
385,Finland,2000,1970817
386,Sweden,2000,3828409
387,Iceland,2000,637237
388,Liechtenstein,2000,73549
389,Norway,2000,4348042
390,Switzerland,2000,7835022
391,United Kingdom,2000,19005000
392,Montenegro,2000,
393,North Macedonia,2000,214428
394,Serbia,2000,
395,Turkey,2000,
396,Belgium,2001,6451513
397,Bulgaria,2001,873318
398,Czechia,2001,5405239
399,Denmark,2001,2022584
400,Germany,2001,17945317
401,Estonia,2001,
402,Ireland,2001,4039000
403,Greece,2001,7208307
404,Spain,2001,36253366
405,France,2001,41951812
406,Croatia,2001,5279308
407,Italy,2001,35767981
408,Cyprus,2001,2339002
409,Latvia,2001,322916
410,Lithuania,2001,328175
411,Luxembourg,2001,833262
412,Hungary,2001,3070192
413,Malta,2001,988026
414,Netherlands,2001,9500000
415,Austria,2001,15434773
416,Poland,2001,3151513
417,Portugal,2001,5391886
418,Romania,2001,914509
419,Slovenia,2001,1176443
420,Slovakia,2001,1212403
421,Finland,2001,1999298
422,Sweden,2001,4107836
423,Iceland,2001,671452
424,Liechtenstein,2001,71668
425,Norway,2001,4242702
426,Switzerland,2001,7468161
427,United Kingdom,2001,19005000
428,Montenegro,2001,
429,North Macedonia,2001,95986
430,Serbia,2001,
431,Turkey,2001,
432,Belgium,2002,6723850
433,Bulgaria,2002,1039703
434,Czechia,2002,4742773
435,Denmark,2002,1991894
436,Germany,2002,17893501
437,Estonia,2002,1003383
438,Ireland,2002,
439,Greece,2002,6843179
440,Spain,2002,36037776
441,France,2002,43185214
442,Croatia,2002,5533806
443,Italy,2002,36355046
444,Cyprus,2002,2040436
445,Latvia,2002,360927
446,Lithuania,2002,366482
447,Luxembourg,2002,882083
448,Hungary,2002,3013116
449,Malta,2002,951139
450,Netherlands,2002,9595300
451,Austria,2002,15795853
452,Poland,2002,3145439
453,Portugal,2002,5559904
454,Romania,2002,999208
455,Slovenia,2002,1255339
456,Slovakia,2002,1384670
457,Finland,2002,2042540
458,Sweden,2002,4275658
459,Iceland,2002,704633
460,Liechtenstein,2002,63854
461,Norway,2002,4133668
462,Switzerland,2002,
463,United Kingdom,2002,15664000
464,Montenegro,2002,
465,North Macedonia,2002,119750
466,Serbia,2002,
467,Turkey,2002,
468,Belgium,2003,6689998
469,Bulgaria,2003,1397985
470,Czechia,2003,5075756
471,Denmark,2003,2013931
472,Germany,2003,18381538
473,Estonia,2003,1112746
474,Ireland,2003,
475,Greece,2003,6767976
476,Spain,2003,36643766
477,France,2003,39355131
478,Croatia,2003,5869506
479,Italy,2003,35006124
480,Cyprus,2003,1825827
481,Latvia,2003,414924
482,Lithuania,2003,411130
483,Luxembourg,2003,864043
484,Hungary,2003,2948224
485,Malta,2003,966025
486,Netherlands,2003,9180700
487,Austria,2003,16283466
488,Poland,2003,3331870
489,Portugal,2003,5383055
490,Romania,2003,1104975
491,Slovenia,2003,1325116
492,Slovakia,2003,1368902
493,Finland,2003,2047444
494,Sweden,2003,4268044
495,Iceland,2003,771323
496,Liechtenstein,2003,64002
497,Norway,2003,
498,Switzerland,2003,
499,United Kingdom,2003,15879000
500,Montenegro,2003,
501,North Macedonia,2003,
502,Serbia,2003,
503,Turkey,2003,
504,Belgium,2004,6709740
505,Bulgaria,2004,1694549
506,Czechia,2004,6061225
507,Denmark,2004,2020620
508,Germany,2004,20136979
509,Estonia,2004,1374414
510,Ireland,2004,
511,Greece,2004,6461062
512,Spain,2004,36297324
513,France,2004,40737042
514,Croatia,2004,6278991
515,Italy,2004,36715739
516,Cyprus,2004,1734586
517,Latvia,2004,545366
518,Lithuania,2004,558333
519,Luxembourg,2004,875245
520,Hungary,2004,3269868
521,Malta,2004,1042412
522,Netherlands,2004,9647000
523,Austria,2004,16634206
524,Poland,2004,3934064
525,Portugal,2004,5654081
526,Romania,2004,1359494
527,Slovenia,2004,1450484
528,Slovakia,2004,1383824
529,Finland,2004,2083487
530,Sweden,2004,4675923
531,Iceland,2004,836230
532,Liechtenstein,2004,63527
533,Norway,2004,
534,Switzerland,2004,
535,United Kingdom,2004,17578735
536,Montenegro,2004,
537,North Macedonia,2004,
538,Serbia,2004,
539,Turkey,2004,
540,Belgium,2005,6747123
541,Bulgaria,2005,1935652
542,Czechia,2005,6336128
543,Denmark,2005,2002021
544,Germany,2005,21500067
545,Estonia,2005,1453418
546,Ireland,2005,
547,Greece,2005,7348706
548,Spain,2005,37407150
549,France,2005,41944465
550,Croatia,2005,6625370
551,Italy,2005,38055139
552,Cyprus,2005,1762658
553,Latvia,2005,730146
554,Lithuania,2005,648188
555,Luxembourg,2005,910851
556,Hungary,2005,3446362
557,Malta,2005,1030540
558,Netherlands,2005,10011800
559,Austria,2005,17128020
560,Poland,2005,4310401
561,Portugal,2005,5769293
562,Romania,2005,1429911
563,Slovenia,2005,1514898
564,Slovakia,2005,1497652
565,Finland,2005,2080194
566,Sweden,2005,4883205
567,Iceland,2005,852955
568,Liechtenstein,2005,63976
569,Norway,2005,
570,Switzerland,2005,
571,United Kingdom,2005,19039289
572,Montenegro,2005,
573,North Macedonia,2005,
574,Serbia,2005,
575,Turkey,2005,
576,Belgium,2006,6994342
577,Bulgaria,2006,2050197
578,Czechia,2006,6435474
579,Denmark,2006,2035265
580,Germany,2006,23569145
581,Estonia,2006,1427583
582,Ireland,2006,
583,Greece,2006,7748208
584,Spain,2006,43143517
585,France,2006,39476263
586,Croatia,2006,6645640
587,Italy,2006,41193827
588,Cyprus,2006,1770704
589,Latvia,2006,816297
590,Lithuania,2006,720247
591,Luxembourg,2006,906426
592,Hungary,2006,3309753
593,Malta,2006,1012360
594,Netherlands,2006,10738500
595,Austria,2006,17562358
596,Poland,2006,4313578
597,Portugal,2006,6349448
598,Romania,2006,1379832
599,Slovenia,2006,1571361
600,Slovakia,2006,1593915
601,Finland,2006,2316970
602,Sweden,2006,4695667
603,Iceland,2006,951703
604,Liechtenstein,2006,69160
605,Norway,2006,
606,Switzerland,2006,
607,United Kingdom,2006,20954462
608,Montenegro,2006,
609,North Macedonia,2006,
610,Serbia,2006,
611,Turkey,2006,
612,Belgium,2007,7044719
613,Bulgaria,2007,2227028
614,Czechia,2007,6679704
615,Denmark,2007,2026557
616,Germany,2007,24393108
617,Estonia,2007,1380323
618,Ireland,2007,
619,Greece,2007,8953757
620,Spain,2007,43953113
621,France,2007,40416832
622,Croatia,2007,7028323
623,Italy,2007,42873122
624,Cyprus,2007,1784735
625,Latvia,2007,844828
626,Lithuania,2007,804792
627,Luxembourg,2007,915670
628,Hungary,2007,3451186
629,Malta,2007,1049327
630,Netherlands,2007,11008000
631,Austria,2007,18112846
632,Poland,2007,4387404
633,Portugal,2007,6787797
634,Romania,2007,1550957
635,Slovenia,2007,1703582
636,Slovakia,2007,1665053
637,Finland,2007,2472449
638,Sweden,2007,5127774
639,Iceland,2007,1035514
640,Liechtenstein,2007,72806
641,Norway,2007,
642,Switzerland,2007,
643,United Kingdom,2007,21062502
644,Montenegro,2007,
645,North Macedonia,2007,
646,Serbia,2007,
647,Turkey,2007,
648,Belgium,2008,7164765
649,Bulgaria,2008,2223177
650,Czechia,2008,6649410
651,Denmark,2008,1966955
652,Germany,2008,24857752
653,Estonia,2008,1433346
654,Ireland,2008,
655,Greece,2008,8886342
656,Spain,2008,43718233
657,France,2008,39122038
658,Croatia,2008,7081920
659,Italy,2008,41796724
660,Cyprus,2008,1761777
661,Latvia,2008,944690
662,Lithuania,2008,858016
663,Luxembourg,2008,877636
664,Hungary,2008,3516030
665,Malta,2008,1079089
666,Netherlands,2008,10104300
667,Austria,2008,19076785
668,Poland,2008,4046312
669,Portugal,2008,6961718
670,Romania,2008,1465891
671,Slovenia,2008,1870439
672,Slovakia,2008,1739705
673,Finland,2008,2494334
674,Sweden,2008,4728323
675,Iceland,2008,1082882
676,Liechtenstein,2008,72936
677,Norway,2008,
678,Switzerland,2008,
679,United Kingdom,2008,19550044
680,Montenegro,2008,
681,North Macedonia,2008,251794
682,Serbia,2008,
683,Turkey,2008,
684,Belgium,2009,6813664
685,Bulgaria,2009,1944368
686,Czechia,2009,6032370
687,Denmark,2009,1792477
688,Germany,2009,24125057
689,Estonia,2009,1380540
690,Ireland,2009,3884568
691,Greece,2009,10434050
692,Spain,2009,39204146
693,France,2009,35881647
694,Croatia,2009,6962451
695,Italy,2009,41124722
696,Cyprus,2009,1671864
697,Latvia,2009,753875
698,Lithuania,2009,710958
699,Luxembourg,2009,848528
700,Hungary,2009,3227942
701,Malta,2009,957581
702,Netherlands,2009,9920700
703,Austria,2009,18534306
704,Poland,2009,3861942
705,Portugal,2009,6439022
706,Romania,2009,1275590
707,Slovenia,2009,1731009
708,Slovakia,2009,1282970
709,Finland,2009,2220267
710,Sweden,2009,4855275
711,Iceland,2009,1209207
712,Liechtenstein,2009,66507
713,Norway,2009,
714,Switzerland,2009,
715,United Kingdom,2009,19425749
716,Montenegro,2009,
717,North Macedonia,2009,255620
718,Serbia,2009,
719,Turkey,2009,
720,Belgium,2010,7186419
721,Bulgaria,2010,2078747
722,Czechia,2010,6333996
723,Denmark,2010,1986834
724,Germany,2010,26764892
725,Estonia,2010,1563952
726,Ireland,2010,3602663
727,Greece,2010,10829306
728,Spain,2010,43182778
729,France,2010,36729444
730,Croatia,2010,6652832
731,Italy,2010,43794338
732,Cyprus,2010,1814328
733,Latvia,2010,877774
734,Lithuania,2010,791821
735,Luxembourg,2010,805472
736,Hungary,2010,3385809
737,Malta,2010,1118596
738,Netherlands,2010,10883100
739,Austria,2010,19210106
740,Poland,2010,4134970
741,Portugal,2010,6756354
742,Romania,2010,1346343
743,Slovenia,2010,1767481
744,Slovakia,2010,1313019
745,Finland,2010,2318712
746,Sweden,2010,4951119
747,Iceland,2010,1186510
748,Liechtenstein,2010,64324
749,Norway,2010,
750,Switzerland,2010,
751,United Kingdom,2010,20483978
752,Montenegro,2010,
753,North Macedonia,2010,258942
754,Serbia,2010,
755,Turkey,2010,
756,Belgium,2011,7494141
757,Bulgaria,2011,2409269
758,Czechia,2011,6715067
759,Denmark,2011,2146447
760,Germany,2011,28264456
761,Estonia,2011,1807919
762,Ireland,2011,3911637
763,Greece,2011,12083938
764,Spain,2011,47652545
765,France,2011,41607105
766,Croatia,2011,7237077
767,Italy,2011,47460809
768,Cyprus,2011,1947447
769,Latvia,2011,1063294
770,Lithuania,2011,943285
771,Luxembourg,2011,873952
772,Hungary,2011,3671426
773,Malta,2011,1198222
774,Netherlands,2011,11299400
775,Austria,2011,20180138
776,Poland,2011,4409550
777,Portugal,2011,7263644
778,Romania,2011,1516699
779,Slovenia,2011,1921390
780,Slovakia,2011,1447702
781,Finland,2011,2622586
782,Sweden,2011,5005826
783,Iceland,2011,1382568
784,Liechtenstein,2011,66986
785,Norway,2011,
786,Switzerland,2011,
787,United Kingdom,2011,21210608
788,Montenegro,2011,531503
789,North Macedonia,2011,324249
790,Serbia,2011,
791,Turkey,2011,
792,Belgium,2012,7560025
793,Bulgaria,2012,2632062
794,Czechia,2012,7647044
795,Denmark,2012,2232258
796,Germany,2012,30299258
797,Estonia,2012,1873519
798,Ireland,2012,2152666
799,Greece,2012,11230515
800,Spain,2012,48100647
801,France,2012,42327929
802,Croatia,2012,10138696
803,Italy,2012,48738575
804,Cyprus,2012,2021180
805,Latvia,2012,1096274
806,Lithuania,2012,1147927
807,Luxembourg,2012,950421
808,Hungary,2012,4163641
809,Malta,2012,1195938
810,Netherlands,2012,11633584
811,Austria,2012,21211722
812,Poland,2012,4979294
813,Portugal,2012,7503252
814,Romania,2012,1653361
815,Slovenia,2012,2124724
816,Slovakia,2012,1510699
817,Finland,2012,2778464
818,Sweden,2012,4943811
819,Iceland,2012,1621174
820,Liechtenstein,2012,62382
821,Norway,2012,4538228
822,Switzerland,2012,
823,United Kingdom,2012,21853784
824,Montenegro,2012,1264163
825,North Macedonia,2012,347052
826,Serbia,2012,785615
827,Turkey,2012,
828,Belgium,2013,7684285
829,Bulgaria,2013,2820673
830,Czechia,2013,7851865
831,Denmark,2013,2328818
832,Germany,2013,31407471
833,Estonia,2013,1940130
834,Ireland,2013,2149850
835,Greece,2013,12749395
836,Spain,2013,49798884
837,France,2013,46001492
838,Croatia,2013,10775000
839,Italy,2013,50263236
840,Cyprus,2013,1947836
841,Latvia,2013,1249814
842,Lithuania,2013,1260336
843,Luxembourg,2013,944346
844,Hungary,2013,4387692
845,Malta,2013,1311983
846,Netherlands,2013,12782900
847,Austria,2013,21782737
848,Poland,2013,5242972
849,Portugal,2013,8400252
850,Romania,2013,1714538
851,Slovenia,2013,2226417
852,Slovakia,2013,1652786
853,Finland,2013,2796839
854,Sweden,2013,5029656
855,Iceland,2013,1918081
856,Liechtenstein,2013,59640
857,Norway,2013,4777926
858,Switzerland,2013,
859,United Kingdom,2013,
860,Montenegro,2013,
861,North Macedonia,2013,394938
862,Serbia,2013,851584
863,Turkey,2013,
864,Belgium,2014,7887426
865,Bulgaria,2014,2791578
866,Czechia,2014,8095885
867,Denmark,2014,2465447
868,Germany,2014,32859540
869,Estonia,2014,1983315
870,Ireland,2014,2242815
871,Greece,2014,15259242
872,Spain,2014,52359130
873,France,2014,46073942
874,Croatia,2014,11438806
875,Italy,2014,51635500
876,Cyprus,2014,1935641
877,Latvia,2014,1431038
878,Lithuania,2014,1356835
879,Luxembourg,2014,1038475
880,Hungary,2014,4617751
881,Malta,2014,1399301
882,Netherlands,2014,13924881
883,Austria,2014,22246197
884,Poland,2014,5470335
885,Portugal,2014,9688312
886,Romania,2014,1911817
887,Slovenia,2014,2373990
888,Slovakia,2014,1459974
889,Finland,2014,2731256
890,Sweden,2014,5455363
891,Iceland,2014,2596740
892,Liechtenstein,2014,61251
893,Norway,2014,4854610
894,Switzerland,2014,
895,United Kingdom,2014,
896,Montenegro,2014,
897,North Macedonia,2014,417090
898,Serbia,2014,976221
899,Turkey,2014,
900,Belgium,2015,8354753
901,Bulgaria,2015,2864371
902,Czechia,2015,8706913
903,Denmark,2015,2630938
904,Germany,2015,34831012
905,Estonia,2015,1929164
906,Ireland,2015,2666848
907,Greece,2015,16501709
908,Spain,2015,55426615
909,France,2015,46797708
910,Croatia,2015,12543509
911,Italy,2015,55039251
912,Cyprus,2015,1874323
913,Latvia,2015,1474765
914,Lithuania,2015,1388487
915,Luxembourg,2015,1089576
916,Hungary,2015,4928511
917,Malta,2015,1428801
918,Netherlands,2015,15007135
919,Austria,2015,23544384
920,Poland,2015,5689570
921,Portugal,2015,10839925
922,Romania,2015,2234232
923,Slovenia,2015,2669204
924,Slovakia,2015,1700746
925,Finland,2015,2622039
926,Sweden,2015,6267866
927,Iceland,2015,3376068
928,Liechtenstein,2015,56666
929,Norway,2015,5303531
930,Switzerland,2015,
931,United Kingdom,2015,44274119
932,Montenegro,2015,1559924
933,North Macedonia,2015,479152
934,Serbia,2015,1127284
935,Turkey,2015,
936,Belgium,2016,7481422
937,Bulgaria,2016,3386932
938,Czechia,2016,9321440
939,Denmark,2016,2767651
940,Germany,2016,35404924
941,Estonia,2016,2056526
942,Ireland,2016,3172440
943,Greece,2016,16915996
944,Spain,2016,61341839
945,France,2016,44958968
946,Croatia,2016,13707444
947,Italy,2016,56764239
948,Cyprus,2016,2268176
949,Latvia,2016,1573632
950,Lithuania,2016,1517890
951,Luxembourg,2016,1053653
952,Hungary,2016,5301843
953,Malta,2016,1468143
954,Netherlands,2016,15829488
955,Austria,2016,24677596
956,Poland,2016,6378793
957,Portugal,2016,12343982
958,Romania,2016,2471411
959,Slovenia,2016,2990794
960,Slovakia,2016,1995812
961,Finland,2016,2788903
962,Sweden,2016,6550337
963,Iceland,2016,3977547
964,Liechtenstein,2016,69084
965,Norway,2016,5920859
966,Switzerland,2016,10385876
967,United Kingdom,2016,43469604
968,Montenegro,2016,1662121
969,North Macedonia,2016,508300
970,Serbia,2016,1277956
971,Turkey,2016,
972,Belgium,2017,8384573
973,Bulgaria,2017,3655830
974,Czechia,2017,10160468
975,Denmark,2017,2871593
976,Germany,2017,37307331
977,Estonia,2017,2156147
978,Ireland,2017,
979,Greece,2017,19068697
980,Spain,2017,65233045
981,France,2017,48919374
982,Croatia,2017,15581704
983,Italy,2017,60523190
984,Cyprus,2017,2488611
985,Latvia,2017,1778973
986,Lithuania,2017,1583801
987,Luxembourg,2017,1045883
988,Hungary,2017,5650077
989,Malta,2017,1662358
990,Netherlands,2017,17924191
991,Austria,2017,25906005
992,Poland,2017,6803667
993,Portugal,2017,14299650
994,Romania,2017,2749258
995,Slovenia,2017,3543009
996,Slovakia,2017,2129507
997,Finland,2017,3180254
998,Sweden,2017,6840963
999,Iceland,2017,
1000,Liechtenstein,2017,79262
1001,Norway,2017,
1002,Switzerland,2017,11116241
1003,United Kingdom,2017,
1004,Montenegro,2017,843609
1005,North Macedonia,2017,626879
1006,Serbia,2017,
1007,Turkey,2017,
1008,Belgium,2018,9118854
1009,Bulgaria,2018,3910159
1010,Czechia,2018,10611394
1011,Denmark,2018,3031450
1012,Germany,2018,38747698
1013,Estonia,2018,2140535
1014,Ireland,2018,3289489
1015,Greece,2018,24320893
1016,Spain,2018,65771059
1017,France,2018,52505891
1018,Croatia,2018,16635013
1019,Italy,2018,63195203
1020,Cyprus,2018,2665743
1021,Latvia,2018,1925397
1022,Lithuania,2018,1744733
1023,Luxembourg,2018,1017733
1024,Hungary,2018,5945123
1025,Malta,2018,1798002
1026,Netherlands,2018,18780326
1027,Austria,2018,27006207
1028,Poland,2018,7082231
1029,Portugal,2018,15035803
1030,Romania,2018,2786468
1031,Slovenia,2018,
1032,Slovakia,2018,2213983
1033,Finland,2018,3224164
1034,Sweden,2018,7217241
1035,Iceland,2018,
1036,Liechtenstein,2018,85283
1037,Norway,2018,
1038,Switzerland,2018,11696528
1039,United Kingdom,2018,
1040,Montenegro,2018,
1041,North Macedonia,2018,702833
1042,Serbia,2018,
1043,Turkey,2018,31135545
1044,Belgium,2019,9343324
1045,Bulgaria,2019,4067350
1046,Czechia,2019,10890500
1047,Denmark,2019,3086408
1048,Germany,2019,39441607
1049,Estonia,2019,2253429
1050,Ireland,2019,3277804
1051,Greece,2019,25038498
1052,Spain,2019,67728098
1053,France,2019,51580030
1054,Croatia,2019,17348056
1055,Italy,2019,65010220
1056,Cyprus,2019,2689344
1057,Latvia,2019,1945919
1058,Lithuania,2019,1937972
1059,Luxembourg,2019,1041117
1060,Hungary,2019,6168576
1061,Malta,2019,1821836
1062,Netherlands,2019,20129400
1063,Austria,2019,27962315
1064,Poland,2019,7470546
1065,Portugal,2019,16200438
1066,Romania,2019,2672887
1067,Slovenia,2019,4694812
1068,Slovakia,2019,2409115
1069,Finland,2019,3290238
1070,Sweden,2019,7407227
1071,Iceland,2019,4533098
1072,Liechtenstein,2019,98110
1073,Norway,2019,
1074,Switzerland,2019,11798912
1075,United Kingdom,2019,
1076,Montenegro,2019,
1077,North Macedonia,2019,755438
1078,Serbia,2019,
1079,Turkey,2019,38853764
